provinsi,kabupaten/kota,tahun,upahminimum,kenaikanupah,persentasekenaikan,upahsebelumnya
Jawa Barat,Bandung,2013,1388333,,,
Jawa Barat,Bandung,2014,1735473,347140.0,25.0,1388333.0
Jawa Barat,Bandung,2015,2001195,265722.0,15.31,1735473.0
Jawa Barat,Bandung,2016,2275715,274520.0,13.72,2001195.0
Jawa Barat,Bandung,2017,2463461,187746.0,8.25,2275715.0
Jawa Barat,Bandung,2018,2678029,214568.0,8.71,2463461.0
Jawa Barat,Bandung,2019,2893074,215045.0,8.03,2678029.0
Jawa Barat,Bandung,2020,3139275,246201.0,8.51,2893074.0
Jawa Barat,Bandung,2021,3241929,102654.0,3.27,3139275.0
Jawa Barat,Bandung,2022,3241929,0.0,0.0,3241929.0
Jawa Barat,Bandung,2023,3492465,250536.0,7.73,3241929.0
Jawa Barat,Bandung Barat,2013,1396399,,,
Jawa Barat,Bandung Barat,2014,1738476,342077.0,24.5,1396399.0
Jawa Barat,Bandung Barat,2015,2004637,266161.0,15.31,1738476.0
Jawa Barat,Bandung Barat,2016,2280175,275538.0,13.75,2004637.0
Jawa Barat,Bandung Barat,2017,2468289,188114.0,8.25,2280175.0
Jawa Barat,Bandung Barat,2018,2683277,214988.0,8.71,2468289.0
Jawa Barat,Bandung Barat,2019,2898744,215467.0,8.03,2683277.0
Jawa Barat,Bandung Barat,2020,3145427,246683.0,8.51,2898744.0
Jawa Barat,Bandung Barat,2021,3248283,102856.0,3.27,3145427.0
Jawa Barat,Bandung Barat,2022,3248283,0.0,0.0,3248283.0
Jawa Barat,Bandung Barat,2023,3480795,232512.0,7.16,3248283.0
Jawa Barat,Bandung Kota,2013,1538703,,,
Jawa Barat,Bandung Kota,2014,2000000,461297.0,29.98,1538703.0
Jawa Barat,Bandung Kota,2015,2310000,310000.0,15.5,2000000.0
Jawa Barat,Bandung Kota,2016,2626940,316940.0,13.72,2310000.0
Jawa Barat,Bandung Kota,2017,2843662,216722.0,8.25,2626940.0
Jawa Barat,Bandung Kota,2018,3091346,247684.0,8.71,2843662.0
Jawa Barat,Bandung Kota,2019,3339580,248234.0,8.03,3091346.0
Jawa Barat,Bandung Kota,2020,3623778,284198.0,8.51,3339580.0
Jawa Barat,Bandung Kota,2021,3742276,118498.0,3.27,3623778.0
Jawa Barat,Bandung Kota,2022,3774860,32584.0,0.87,3742276.0
Jawa Barat,Bandung Kota,2023,4048462,273602.0,7.25,3774860.0
Jawa Timur,Bangkalan,2013,983800,,,
Jawa Timur,Bangkalan,2014,1102000,118200.0,12.01,983800.0
Jawa Timur,Bangkalan,2015,1267300,165300.0,15.0,1102000.0
Jawa Timur,Bangkalan,2016,1414000,146700.0,11.58,1267300.0
Jawa Timur,Bangkalan,2017,1530660,116660.0,8.25,1414000.0
Jawa Timur,Bangkalan,2018,1663975,133315.0,8.71,1530660.0
Jawa Timur,Bangkalan,2019,1801406,137431.0,8.26,1663975.0
Jawa Timur,Bangkalan,2020,1954705,153299.0,8.51,1801406.0
Jawa Timur,Bangkalan,2021,1954705,0.0,0.0,1954705.0
Jawa Timur,Bangkalan,2022,1956773,2068.0,0.11,1954705.0
Jawa Timur,Bangkalan,2023,2152450,195677.0,10.0,1956773.0
Jawa Barat,Banjar,2013,950000,,,
Jawa Barat,Banjar,2014,1025000,75000.0,7.89,950000.0
Jawa Barat,Banjar,2015,1168000,143000.0,13.95,1025000.0
Jawa Barat,Banjar,2016,1327965,159965.0,13.7,1168000.0
Jawa Barat,Banjar,2017,1437522,109557.0,8.25,1327965.0
Jawa Barat,Banjar,2018,1562730,125208.0,8.71,1437522.0
Jawa Barat,Banjar,2019,1688217,125487.0,8.03,1562730.0
Jawa Barat,Banjar,2020,1831884,143667.0,8.51,1688217.0
Jawa Barat,Banjar,2021,1831884,0.0,0.0,1831884.0
Jawa Barat,Banjar,2022,1852099,20215.0,1.1,1831884.0
Jawa Barat,Banjar,2023,1998119,146020.0,7.88,1852099.0
Jawa Tengah,Banjarnegara,2013,835000,,,
Jawa Tengah,Banjarnegara,2014,920000,85000.0,10.18,835000.0
Jawa Tengah,Banjarnegara,2015,1112500,192500.0,20.92,920000.0
Jawa Tengah,Banjarnegara,2016,1265000,152500.0,13.71,1112500.0
Jawa Tengah,Banjarnegara,2017,1370000,105000.0,8.3,1265000.0
Jawa Tengah,Banjarnegara,2018,1490000,120000.0,8.76,1370000.0
Jawa Tengah,Banjarnegara,2019,1610000,120000.0,8.05,1490000.0
Jawa Tengah,Banjarnegara,2020,1748000,138000.0,8.57,1610000.0
Jawa Tengah,Banjarnegara,2021,1805000,57000.0,3.26,1748000.0
Jawa Tengah,Banjarnegara,2022,1819835,14835.0,0.82,1805000.0
Jawa Tengah,Banjarnegara,2023,1958169,138334.0,7.6,1819835.0
Daerah Istimewa Yogyakarta,Bantul,2013,993484,,,
Daerah Istimewa Yogyakarta,Bantul,2014,1125500,132016.0,13.29,993484.0
Daerah Istimewa Yogyakarta,Bantul,2015,1163800,38300.0,3.4,1125500.0
Daerah Istimewa Yogyakarta,Bantul,2016,1297700,133900.0,11.51,1163800.0
Daerah Istimewa Yogyakarta,Bantul,2017,1404760,107060.0,8.25,1297700.0
Daerah Istimewa Yogyakarta,Bantul,2018,1572150,167390.0,11.92,1404760.0
Daerah Istimewa Yogyakarta,Bantul,2019,1649800,77650.0,4.94,1572150.0
Daerah Istimewa Yogyakarta,Bantul,2020,1790500,140700.0,8.53,1649800.0
Daerah Istimewa Yogyakarta,Bantul,2021,1805000,14500.0,0.81,1790500.0
Daerah Istimewa Yogyakarta,Bantul,2022,1916848,111848.0,6.2,1805000.0
Daerah Istimewa Yogyakarta,Bantul,2023,2066439,149591.0,7.8,1916848.0
Jawa Tengah,Banyumas,2013,877500,,,
Jawa Tengah,Banyumas,2014,1000000,122500.0,13.96,877500.0
Jawa Tengah,Banyumas,2015,1100000,100000.0,10.0,1000000.0
Jawa Tengah,Banyumas,2016,1350000,250000.0,22.73,1100000.0
Jawa Tengah,Banyumas,2017,1461400,111400.0,8.25,1350000.0
Jawa Tengah,Banyumas,2018,1589000,127600.0,8.73,1461400.0
Jawa Tengah,Banyumas,2019,1750000,161000.0,10.13,1589000.0
Jawa Tengah,Banyumas,2020,1900000,150000.0,8.57,1750000.0
Jawa Tengah,Banyumas,2021,1970000,70000.0,3.68,1900000.0
Jawa Tengah,Banyumas,2022,1983261,13261.0,0.67,1970000.0
Jawa Tengah,Banyumas,2023,2118123,134862.0,6.8,1983261.0
Jawa Timur,Banyuwangi,2013,1086400,,,
Jawa Timur,Banyuwangi,2014,1240000,153600.0,14.14,1086400.0
Jawa Timur,Banyuwangi,2015,1426000,186000.0,15.0,1240000.0
Jawa Timur,Banyuwangi,2016,1599000,173000.0,12.13,1426000.0
Jawa Timur,Banyuwangi,2017,1730920,131920.0,8.25,1599000.0
Jawa Timur,Banyuwangi,2018,1881680,150760.0,8.71,1730920.0
Jawa Timur,Banyuwangi,2019,2132779,251099.0,13.34,1881680.0
Jawa Timur,Banyuwangi,2020,2319796,187017.0,8.77,2132779.0
Jawa Timur,Banyuwangi,2021,2314278,-5518.0,-0.24,2319796.0
Jawa Timur,Banyuwangi,2022,2328899,14621.0,0.63,2314278.0
Jawa Timur,Banyuwangi,2023,2528899,200000.0,8.59,2328899.0
Jawa Tengah,Batang,2013,970000,,,
Jawa Tengah,Batang,2014,1146000,176000.0,18.14,970000.0
Jawa Tengah,Batang,2015,1270000,124000.0,10.82,1146000.0
Jawa Tengah,Batang,2016,1467500,197500.0,15.55,1270000.0
Jawa Tengah,Batang,2017,1603000,135500.0,9.23,1467500.0
Jawa Tengah,Batang,2018,1749900,146900.0,9.16,1603000.0
Jawa Tengah,Batang,2019,1900000,150100.0,8.58,1749900.0
Jawa Tengah,Batang,2020,2061700,161700.0,8.51,1900000.0
Jawa Tengah,Batang,2021,2129117,67417.0,3.27,2061700.0
Jawa Tengah,Batang,2022,2132535,3418.0,0.16,2129117.0
Jawa Tengah,Batang,2023,2282025,149490.0,7.01,2132535.0
Jawa Timur,Batu,2013,1268000,,,
Jawa Timur,Batu,2014,1580037,312037.0,24.61,1268000.0
Jawa Timur,Batu,2015,1877000,296963.0,18.79,1580037.0
Jawa Timur,Batu,2016,2026000,149000.0,7.94,1877000.0
Jawa Timur,Batu,2017,2193150,167150.0,8.25,2026000.0
Jawa Timur,Batu,2018,2384167,191017.0,8.71,2193150.0
Jawa Timur,Batu,2019,2575616,191449.0,8.03,2384167.0
Jawa Timur,Batu,2020,2794800,219184.0,8.51,2575616.0
Jawa Timur,Batu,2021,2819801,25001.0,0.89,2794800.0
Jawa Timur,Batu,2022,2830367,10566.0,0.37,2819801.0
Jawa Timur,Batu,2023,3030367,200000.0,7.07,2830367.0
Jawa Barat,Bekasi,2013,2002000,,,
Jawa Barat,Bekasi,2014,2447445,445445.0,22.25,2002000.0
Jawa Barat,Bekasi,2015,2840000,392555.0,16.04,2447445.0
Jawa Barat,Bekasi,2016,3261375,421375.0,14.84,2840000.0
Jawa Barat,Bekasi,2017,3530438,269063.0,8.25,3261375.0
Jawa Barat,Bekasi,2018,3837940,307502.0,8.71,3530438.0
Jawa Barat,Bekasi,2019,4146126,308186.0,8.03,3837940.0
Jawa Barat,Bekasi,2020,4498961,352835.0,8.51,4146126.0
Jawa Barat,Bekasi,2021,4791843,292882.0,6.51,4498961.0
Jawa Barat,Bekasi,2022,4791843,0.0,0.0,4791843.0
Jawa Barat,Bekasi,2023,5137575,345732.0,7.22,4791843.0
Jawa Barat,Bekasi Kota,2013,2100000,,,
Jawa Barat,Bekasi Kota,2014,2441954,341954.0,16.28,2100000.0
Jawa Barat,Bekasi Kota,2015,2954031,512077.0,20.97,2441954.0
Jawa Barat,Bekasi Kota,2016,3327160,373129.0,12.63,2954031.0
Jawa Barat,Bekasi Kota,2017,3601650,274490.0,8.25,3327160.0
Jawa Barat,Bekasi Kota,2018,3915354,313704.0,8.71,3601650.0
Jawa Barat,Bekasi Kota,2019,4229756,314402.0,8.03,3915354.0
Jawa Barat,Bekasi Kota,2020,4589708,359952.0,8.51,4229756.0
Jawa Barat,Bekasi Kota,2021,4798312,208604.0,4.55,4589708.0
Jawa Barat,Bekasi Kota,2022,4816921,18609.0,0.39,4798312.0
Jawa Barat,Bekasi Kota,2023,5158248,341327.0,7.09,4816921.0
Jawa Timur,Blitar,2013,924800,,,
Jawa Timur,Blitar,2013,946850,22050.0,2.38,924800.0
Jawa Timur,Blitar,2014,1000000,53150.0,5.61,946850.0
Jawa Timur,Blitar,2014,1000000,0.0,0.0,1000000.0
Jawa Timur,Blitar,2015,1260000,260000.0,26.0,1000000.0
Jawa Timur,Blitar,2015,1243200,-16800.0,-1.33,1260000.0
Jawa Timur,Blitar,2016,1405000,161800.0,13.01,1243200.0
Jawa Timur,Blitar,2016,1250000,-155000.0,-11.03,1405000.0
Jawa Timur,Blitar,2017,1520920,270920.0,21.67,1250000.0
Jawa Timur,Blitar,2017,1509010,-11910.0,-0.78,1520920.0
Jawa Timur,Blitar,2018,1653383,144373.0,9.57,1509010.0
Jawa Timur,Blitar,2018,1640439,-12944.0,-0.78,1653383.0
Jawa Timur,Blitar,2019,1801406,160967.0,9.81,1640439.0
Jawa Timur,Blitar,2019,1801406,0.0,0.0,1801406.0
Jawa Timur,Blitar,2020,1954705,153299.0,8.51,1801406.0
Jawa Timur,Blitar,2020,1954635,-70.0,-0.0,1954705.0
Jawa Timur,Blitar,2021,2004705,50070.0,2.56,1954635.0
Jawa Timur,Blitar,2021,2004705,0.0,0.0,2004705.0
Jawa Timur,Blitar,2022,2015071,10366.0,0.52,2004705.0
Jawa Timur,Blitar,2022,2039024,23953.0,1.19,2015071.0
Jawa Timur,Blitar,2023,2215071,176047.0,8.63,2039024.0
Jawa Timur,Blitar,2023,2239024,23953.0,1.08,2215071.0
Jawa Tengah,Blora,2013,932000,,,
Jawa Tengah,Blora,2014,1009000,77000.0,8.26,932000.0
Jawa Tengah,Blora,2015,1180000,171000.0,16.95,1009000.0
Jawa Tengah,Blora,2016,1328500,148500.0,12.58,1180000.0
Jawa Tengah,Blora,2017,1438100,109600.0,8.25,1328500.0
Jawa Tengah,Blora,2018,1564000,125900.0,8.75,1438100.0
Jawa Tengah,Blora,2019,1690000,126000.0,8.06,1564000.0
Jawa Tengah,Blora,2020,1834000,144000.0,8.52,1690000.0
Jawa Tengah,Blora,2021,1894000,60000.0,3.27,1834000.0
Jawa Tengah,Blora,2022,1904196,10196.0,0.54,1894000.0
Jawa Tengah,Blora,2023,2040080,135884.0,7.14,1904196.0
Jawa Barat,Bogor,2013,2002000,,,
Jawa Barat,Bogor,2014,2242240,240240.0,12.0,2002000.0
Jawa Barat,Bogor,2015,2590000,347760.0,15.51,2242240.0
Jawa Barat,Bogor,2016,2960325,370325.0,14.3,2590000.0
Jawa Barat,Bogor,2017,3204551,244226.0,8.25,2960325.0
Jawa Barat,Bogor,2018,3483667,279116.0,8.71,3204551.0
Jawa Barat,Bogor,2019,3763406,279739.0,8.03,3483667.0
Jawa Barat,Bogor,2020,4083670,320264.0,8.51,3763406.0
Jawa Barat,Bogor,2021,4217206,133536.0,3.27,4083670.0
Jawa Barat,Bogor,2022,4217206,0.0,0.0,4217206.0
Jawa Barat,Bogor,2023,4520212,303006.0,7.18,4217206.0
Jawa Barat,Bogor Kota,2013,2002000,,,
Jawa Barat,Bogor Kota,2014,2352350,350350.0,17.5,2002000.0
Jawa Barat,Bogor Kota,2015,2658155,305805.0,13.0,2352350.0
Jawa Barat,Bogor Kota,2016,3022765,364610.0,13.72,2658155.0
Jawa Barat,Bogor Kota,2017,3272143,249378.0,8.25,3022765.0
Jawa Barat,Bogor Kota,2018,3557147,285004.0,8.71,3272143.0
Jawa Barat,Bogor Kota,2019,3842785,285638.0,8.03,3557147.0
Jawa Barat,Bogor Kota,2020,4169806,327021.0,8.51,3842785.0
Jawa Barat,Bogor Kota,2021,4169806,0.0,0.0,4169806.0
Jawa Barat,Bogor Kota,2022,4330249,160443.0,3.85,4169806.0
Jawa Barat,Bogor Kota,2023,4639429,309180.0,7.14,4330249.0
Jawa Timur,Bojonegoro,2013,1029500,,,
Jawa Timur,Bojonegoro,2014,1140000,110500.0,10.73,1029500.0
Jawa Timur,Bojonegoro,2015,1311000,171000.0,15.0,1140000.0
Jawa Timur,Bojonegoro,2016,1462000,151000.0,11.52,1311000.0
Jawa Timur,Bojonegoro,2017,1582620,120620.0,8.25,1462000.0
Jawa Timur,Bojonegoro,2018,1720460,137840.0,8.71,1582620.0
Jawa Timur,Bojonegoro,2019,1858613,138153.0,8.03,1720460.0
Jawa Timur,Bojonegoro,2020,2016780,158167.0,8.51,1858613.0
Jawa Timur,Bojonegoro,2021,2066781,50001.0,2.48,2016780.0
Jawa Timur,Bojonegoro,2022,2079568,12787.0,0.62,2066781.0
Jawa Timur,Bojonegoro,2023,2279568,200000.0,9.62,2079568.0
Jawa Timur,Bondowoso,2013,946000,,,
Jawa Timur,Bondowoso,2014,1105000,159000.0,16.81,946000.0
Jawa Timur,Bondowoso,2015,1270750,165750.0,15.0,1105000.0
Jawa Timur,Bondowoso,2016,1417000,146250.0,11.51,1270750.0
Jawa Timur,Bondowoso,2017,1533910,116910.0,8.25,1417000.0
Jawa Timur,Bondowoso,2018,1667505,133595.0,8.71,1533910.0
Jawa Timur,Bondowoso,2019,1801406,133901.0,8.03,1667505.0
Jawa Timur,Bondowoso,2020,1954705,153299.0,8.51,1801406.0
Jawa Timur,Bondowoso,2021,1954705,0.0,0.0,1954705.0
Jawa Timur,Bondowoso,2022,1958640,3935.0,0.2,1954705.0
Jawa Timur,Bondowoso,2023,2154504,195864.0,10.0,1958640.0
Jawa Tengah,Boyolali,2013,895000,,,
Jawa Tengah,Boyolali,2014,1116000,221000.0,24.69,895000.0
Jawa Tengah,Boyolali,2015,1197800,81800.0,7.33,1116000.0
Jawa Tengah,Boyolali,2016,1403500,205700.0,17.17,1197800.0
Jawa Tengah,Boyolali,2017,1519289,115789.0,8.25,1403500.0
Jawa Tengah,Boyolali,2018,1651650,132361.0,8.71,1519289.0
Jawa Tengah,Boyolali,2019,1790000,138350.0,8.38,1651650.0
Jawa Tengah,Boyolali,2020,1942500,152500.0,8.52,1790000.0
Jawa Tengah,Boyolali,2021,2000000,57500.0,2.96,1942500.0
Jawa Tengah,Boyolali,2022,2010299,10299.0,0.51,2000000.0
Jawa Tengah,Boyolali,2023,2155712,145413.0,7.23,2010299.0
Jawa Tengah,Brebes,2013,859000,,,
Jawa Tengah,Brebes,2014,1000000,141000.0,16.41,859000.0
Jawa Tengah,Brebes,2015,1166550,166550.0,16.66,1000000.0
Jawa Tengah,Brebes,2016,1310000,143450.0,12.3,1166550.0
Jawa Tengah,Brebes,2017,1418100,108100.0,8.25,1310000.0
Jawa Tengah,Brebes,2018,1542000,123900.0,8.74,1418100.0
Jawa Tengah,Brebes,2019,1665850,123850.0,8.03,1542000.0
Jawa Tengah,Brebes,2020,1807614,141764.0,8.51,1665850.0
Jawa Tengah,Brebes,2021,1866723,59109.0,3.27,1807614.0
Jawa Tengah,Brebes,2022,1885019,18296.0,0.98,1866723.0
Jawa Tengah,Brebes,2023,2018836,133817.0,7.1,1885019.0
Jawa Barat,Ciamis,2013,854075,,,
Jawa Barat,Ciamis,2014,1040928,186853.0,21.88,854075.0
Jawa Barat,Ciamis,2015,1131862,90934.0,8.74,1040928.0
Jawa Barat,Ciamis,2016,1363319,231457.0,20.45,1131862.0
Jawa Barat,Ciamis,2017,1475792,112473.0,8.25,1363319.0
Jawa Barat,Ciamis,2018,1604334,128542.0,8.71,1475792.0
Jawa Barat,Ciamis,2019,1733162,128828.0,8.03,1604334.0
Jawa Barat,Ciamis,2020,1880654,147492.0,8.51,1733162.0
Jawa Barat,Ciamis,2021,1880654,0.0,0.0,1880654.0
Jawa Barat,Ciamis,2022,1897867,17213.0,0.92,1880654.0
Jawa Barat,Ciamis,2023,2021657,123790.0,6.52,1897867.0
Jawa Barat,Cianjur,2013,970000,,,
Jawa Barat,Cianjur,2014,1500000,530000.0,54.64,970000.0
Jawa Barat,Cianjur,2015,1600000,100000.0,6.67,1500000.0
Jawa Barat,Cianjur,2016,1837520,237520.0,14.84,1600000.0
Jawa Barat,Cianjur,2017,1989115,151595.0,8.25,1837520.0
Jawa Barat,Cianjur,2018,2162367,173252.0,8.71,1989115.0
Jawa Barat,Cianjur,2019,2336004,173637.0,8.03,2162367.0
Jawa Barat,Cianjur,2020,2534798,198794.0,8.51,2336004.0
Jawa Barat,Cianjur,2021,2534798,0.0,0.0,2534798.0
Jawa Barat,Cianjur,2022,2699814,165016.0,6.51,2534798.0
Jawa Barat,Cianjur,2023,2893229,193415.0,7.16,2699814.0
Jawa Tengah,Cilacap,2013,887667,,,
Jawa Tengah,Cilacap,2014,1016667,129000.0,14.53,887667.0
Jawa Tengah,Cilacap,2015,1195667,179000.0,17.61,1016667.0
Jawa Tengah,Cilacap,2016,1527000,331333.0,27.71,1195667.0
Jawa Tengah,Cilacap,2017,1693689,166689.0,10.92,1527000.0
Jawa Tengah,Cilacap,2018,1841209,147520.0,8.71,1693689.0
Jawa Tengah,Cilacap,2019,1989058,147849.0,8.03,1841209.0
Jawa Tengah,Cilacap,2020,2158327,169269.0,8.51,1989058.0
Jawa Tengah,Cilacap,2021,2228904,70577.0,3.27,2158327.0
Jawa Tengah,Cilacap,2022,2230731,1827.0,0.08,2228904.0
Jawa Tengah,Cilacap,2023,2383090,152359.0,6.83,2230731.0
Banten,Cilegon,2013,2200000,,,
Banten,Cilegon,2014,2443000,243000.0,11.05,2200000.0
Banten,Cilegon,2015,2760590,317590.0,13.0,2443000.0
Banten,Cilegon,2016,3078058,317468.0,11.5,2760590.0
Banten,Cilegon,2017,3331997,253939.0,8.25,3078058.0
Banten,Cilegon,2018,3622215,290218.0,8.71,3331997.0
Banten,Cilegon,2019,3913078,290863.0,8.03,3622215.0
Banten,Cilegon,2020,4246081,333003.0,8.51,3913078.0
Banten,Cilegon,2021,4309773,63692.0,1.5,4246081.0
Banten,Cilegon,2022,4340254,30481.0,0.71,4309773.0
Banten,Cilegon,2023,4657222,316968.0,7.3,4340254.0
Jawa Barat,Cimahi,2013,1288333,,,
Jawa Barat,Cimahi,2014,1735473,447140.0,34.71,1288333.0
Jawa Barat,Cimahi,2015,2001200,265727.0,15.31,1735473.0
Jawa Barat,Cimahi,2016,2275715,274515.0,13.72,2001200.0
Jawa Barat,Cimahi,2017,2463461,187746.0,8.25,2275715.0
Jawa Barat,Cimahi,2018,2678028,214567.0,8.71,2463461.0
Jawa Barat,Cimahi,2019,2893074,215046.0,8.03,2678028.0
Jawa Barat,Cimahi,2020,3139274,246200.0,8.51,2893074.0
Jawa Barat,Cimahi,2021,3241929,102655.0,3.27,3139274.0
Jawa Barat,Cimahi,2022,3272668,30739.0,0.95,3241929.0
Jawa Barat,Cimahi,2023,3514093,241425.0,7.38,3272668.0
Jawa Barat,Cirebon,2013,1081300,,,
Jawa Barat,Cirebon,2014,1212750,131450.0,12.16,1081300.0
Jawa Barat,Cirebon,2015,1400000,187250.0,15.44,1212750.0
Jawa Barat,Cirebon,2016,1592220,192220.0,13.73,1400000.0
Jawa Barat,Cirebon,2017,1723578,131358.0,8.25,1592220.0
Jawa Barat,Cirebon,2018,1873702,150124.0,8.71,1723578.0
Jawa Barat,Cirebon,2019,2024160,150458.0,8.03,1873702.0
Jawa Barat,Cirebon,2020,2196416,172256.0,8.51,2024160.0
Jawa Barat,Cirebon,2021,2269556,73140.0,3.33,2196416.0
Jawa Barat,Cirebon,2022,2279982,10426.0,0.46,2269556.0
Jawa Barat,Cirebon,2023,2430780,150798.0,6.61,2279982.0
Jawa Barat,Cirebon Kota,2013,1082500,,,
Jawa Barat,Cirebon Kota,2014,1226500,144000.0,13.3,1082500.0
Jawa Barat,Cirebon Kota,2015,1415000,188500.0,15.37,1226500.0
Jawa Barat,Cirebon Kota,2016,1608945,193945.0,13.71,1415000.0
Jawa Barat,Cirebon Kota,2017,1741682,132737.0,8.25,1608945.0
Jawa Barat,Cirebon Kota,2018,1893384,151702.0,8.71,1741682.0
Jawa Barat,Cirebon Kota,2019,2045422,152038.0,8.03,1893384.0
Jawa Barat,Cirebon Kota,2020,2219487,174065.0,8.51,2045422.0
Jawa Barat,Cirebon Kota,2021,2271201,51714.0,2.33,2219487.0
Jawa Barat,Cirebon Kota,2022,2304943,33742.0,1.49,2271201.0
Jawa Barat,Cirebon Kota,2023,2456516,151573.0,6.58,2304943.0
Jawa Tengah,Demak,2013,995000,,,
Jawa Tengah,Demak,2014,1280000,285000.0,28.64,995000.0
Jawa Tengah,Demak,2015,1535000,255000.0,19.92,1280000.0
Jawa Tengah,Demak,2016,1745000,210000.0,13.68,1535000.0
Jawa Tengah,Demak,2017,1900000,155000.0,8.88,1745000.0
Jawa Tengah,Demak,2018,2065490,165490.0,8.71,1900000.0
Jawa Tengah,Demak,2019,2240000,174510.0,8.45,2065490.0
Jawa Tengah,Demak,2020,2432000,192000.0,8.57,2240000.0
Jawa Tengah,Demak,2021,2511526,79526.0,3.27,2432000.0
Jawa Tengah,Demak,2022,2513005,1479.0,0.06,2511526.0
Jawa Tengah,Demak,2023,2680421,167416.0,6.66,2513005.0
Jawa Barat,Depok,2013,2042000,,,
Jawa Barat,Depok,2014,2397000,355000.0,17.38,2042000.0
Jawa Barat,Depok,2015,2705000,308000.0,12.85,2397000.0
Jawa Barat,Depok,2016,3046180,341180.0,12.61,2705000.0
Jawa Barat,Depok,2017,3297489,251309.0,8.25,3046180.0
Jawa Barat,Depok,2018,3584700,287211.0,8.71,3297489.0
Jawa Barat,Depok,2019,3872551,287851.0,8.03,3584700.0
Jawa Barat,Depok,2020,4202105,329554.0,8.51,3872551.0
Jawa Barat,Depok,2021,4339514,137409.0,3.27,4202105.0
Jawa Barat,Depok,2022,4377231,37717.0,0.87,4339514.0
Jawa Barat,Depok,2023,4694493,317262.0,7.25,4377231.0
Jawa Barat,Garut,2013,965000,,,
Jawa Barat,Garut,2014,1085000,120000.0,12.44,965000.0
Jawa Barat,Garut,2015,1250000,165000.0,15.21,1085000.0
Jawa Barat,Garut,2016,1421625,171625.0,13.73,1250000.0
Jawa Barat,Garut,2017,1538909,117284.0,8.25,1421625.0
Jawa Barat,Garut,2018,1672948,134039.0,8.71,1538909.0
Jawa Barat,Garut,2019,1807285,134337.0,8.03,1672948.0
Jawa Barat,Garut,2020,1961085,153800.0,8.51,1807285.0
Jawa Barat,Garut,2021,1961085,0.0,0.0,1961085.0
Jawa Barat,Garut,2022,1975220,14135.0,0.72,1961085.0
Jawa Barat,Garut,2023,2117318,142098.0,7.19,1975220.0
Jawa Timur,Gresik,2013,1740000,,,
Jawa Timur,Gresik,2014,2195000,455000.0,26.15,1740000.0
Jawa Timur,Gresik,2015,2707500,512500.0,23.35,2195000.0
Jawa Timur,Gresik,2016,3042500,335000.0,12.37,2707500.0
Jawa Timur,Gresik,2017,3293510,251010.0,8.25,3042500.0
Jawa Timur,Gresik,2018,3580370,286860.0,8.71,3293510.0
Jawa Timur,Gresik,2019,3867874,287504.0,8.03,3580370.0
Jawa Timur,Gresik,2020,4197030,329156.0,8.51,3867874.0
Jawa Timur,Gresik,2021,4297030,100000.0,2.38,4197030.0
Jawa Timur,Gresik,2022,4372030,75000.0,1.75,4297030.0
Jawa Timur,Gresik,2023,4522030,150000.0,3.43,4372030.0
Jawa Tengah,Grobogan,2013,842000,,,
Jawa Tengah,Grobogan,2014,935000,93000.0,11.05,842000.0
Jawa Tengah,Grobogan,2015,1160000,225000.0,24.06,935000.0
Jawa Tengah,Grobogan,2016,1305000,145000.0,12.5,1160000.0
Jawa Tengah,Grobogan,2017,1435000,130000.0,9.96,1305000.0
Jawa Tengah,Grobogan,2018,1560000,125000.0,8.71,1435000.0
Jawa Tengah,Grobogan,2019,1685500,125500.0,8.04,1560000.0
Jawa Tengah,Grobogan,2020,1830000,144500.0,8.57,1685500.0
Jawa Tengah,Grobogan,2021,1890000,60000.0,3.28,1830000.0
Jawa Tengah,Grobogan,2022,1894032,4032.0,0.21,1890000.0
Jawa Tengah,Grobogan,2023,2029569,135537.0,7.16,1894032.0
Daerah Istimewa Yogyakarta,Gunungkidul,2013,947114,,,
Daerah Istimewa Yogyakarta,Gunungkidul,2014,988500,41386.0,4.37,947114.0
Daerah Istimewa Yogyakarta,Gunungkidul,2015,1108249,119749.0,12.11,988500.0
Daerah Istimewa Yogyakarta,Gunungkidul,2016,1235700,127451.0,11.5,1108249.0
Daerah Istimewa Yogyakarta,Gunungkidul,2017,1337650,101950.0,8.25,1235700.0
Daerah Istimewa Yogyakarta,Gunungkidul,2018,1454200,116550.0,8.71,1337650.0
Daerah Istimewa Yogyakarta,Gunungkidul,2019,1571000,116800.0,8.03,1454200.0
Daerah Istimewa Yogyakarta,Gunungkidul,2020,1705000,134000.0,8.53,1571000.0
Daerah Istimewa Yogyakarta,Gunungkidul,2021,1842460,137460.0,8.06,1705000.0
Daerah Istimewa Yogyakarta,Gunungkidul,2022,1900000,57540.0,3.12,1842460.0
Daerah Istimewa Yogyakarta,Gunungkidul,2023,2049266,149266.0,7.86,1900000.0
Jawa Barat,Indramayu,2013,1125000,,,
Jawa Barat,Indramayu,2014,1276320,151320.0,13.45,1125000.0
Jawa Barat,Indramayu,2015,1465000,188680.0,14.78,1276320.0
Jawa Barat,Indramayu,2016,1665810,200810.0,13.71,1465000.0
Jawa Barat,Indramayu,2017,1803239,137429.0,8.25,1665810.0
Jawa Barat,Indramayu,2018,1960301,157062.0,8.71,1803239.0
Jawa Barat,Indramayu,2019,2117713,157412.0,8.03,1960301.0
Jawa Barat,Indramayu,2020,2297931,180218.0,8.51,2117713.0
Jawa Barat,Indramayu,2021,2373073,75142.0,3.27,2297931.0
Jawa Barat,Indramayu,2022,2391567,18494.0,0.78,2373073.0
Jawa Barat,Indramayu,2023,2541996,150429.0,6.29,2391567.0
DKI Jakarta,Jakarta Barat,2013,2200000,,,
DKI Jakarta,Jakarta Barat,2014,2441000,241000.0,10.95,2200000.0
DKI Jakarta,Jakarta Barat,2015,2700000,259000.0,10.61,2441000.0
DKI Jakarta,Jakarta Barat,2016,3100000,400000.0,14.81,2700000.0
DKI Jakarta,Jakarta Barat,2017,3355750,255750.0,8.25,3100000.0
DKI Jakarta,Jakarta Barat,2018,3648036,292286.0,8.71,3355750.0
DKI Jakarta,Jakarta Barat,2019,3940973,292937.0,8.03,3648036.0
DKI Jakarta,Jakarta Barat,2020,4267349,326376.0,8.28,3940973.0
DKI Jakarta,Jakarta Barat,2021,4416186,148837.0,3.49,4267349.0
DKI Jakarta,Jakarta Barat,2022,4641854,225668.0,5.11,4416186.0
DKI Jakarta,Jakarta Barat,2023,4900798,258944.0,5.58,4641854.0
DKI Jakarta,Jakarta Pusat,2013,2200000,,,
DKI Jakarta,Jakarta Pusat,2014,2441000,241000.0,10.95,2200000.0
DKI Jakarta,Jakarta Pusat,2015,2700000,259000.0,10.61,2441000.0
DKI Jakarta,Jakarta Pusat,2016,3100000,400000.0,14.81,2700000.0
DKI Jakarta,Jakarta Pusat,2017,3355750,255750.0,8.25,3100000.0
DKI Jakarta,Jakarta Pusat,2018,3648036,292286.0,8.71,3355750.0
DKI Jakarta,Jakarta Pusat,2019,3940973,292937.0,8.03,3648036.0
DKI Jakarta,Jakarta Pusat,2020,4267349,326376.0,8.28,3940973.0
DKI Jakarta,Jakarta Pusat,2021,4416186,148837.0,3.49,4267349.0
DKI Jakarta,Jakarta Pusat,2022,4641854,225668.0,5.11,4416186.0
DKI Jakarta,Jakarta Pusat,2023,4900798,258944.0,5.58,4641854.0
DKI Jakarta,Jakarta Selatan,2013,2200000,,,
DKI Jakarta,Jakarta Selatan,2014,2441000,241000.0,10.95,2200000.0
DKI Jakarta,Jakarta Selatan,2015,2700000,259000.0,10.61,2441000.0
DKI Jakarta,Jakarta Selatan,2016,3100000,400000.0,14.81,2700000.0
DKI Jakarta,Jakarta Selatan,2017,3355750,255750.0,8.25,3100000.0
DKI Jakarta,Jakarta Selatan,2018,3648036,292286.0,8.71,3355750.0
DKI Jakarta,Jakarta Selatan,2019,3940973,292937.0,8.03,3648036.0
DKI Jakarta,Jakarta Selatan,2020,4267349,326376.0,8.28,3940973.0
DKI Jakarta,Jakarta Selatan,2021,4416186,148837.0,3.49,4267349.0
DKI Jakarta,Jakarta Selatan,2022,4641854,225668.0,5.11,4416186.0
DKI Jakarta,Jakarta Selatan,2023,4900798,258944.0,5.58,4641854.0
DKI Jakarta,Jakarta Timur,2013,2200000,,,
DKI Jakarta,Jakarta Timur,2014,2441000,241000.0,10.95,2200000.0
DKI Jakarta,Jakarta Timur,2015,2700000,259000.0,10.61,2441000.0
DKI Jakarta,Jakarta Timur,2016,3100000,400000.0,14.81,2700000.0
DKI Jakarta,Jakarta Timur,2017,3355750,255750.0,8.25,3100000.0
DKI Jakarta,Jakarta Timur,2018,3648036,292286.0,8.71,3355750.0
DKI Jakarta,Jakarta Timur,2019,3940973,292937.0,8.03,3648036.0
DKI Jakarta,Jakarta Timur,2020,4267349,326376.0,8.28,3940973.0
DKI Jakarta,Jakarta Timur,2021,4416186,148837.0,3.49,4267349.0
DKI Jakarta,Jakarta Timur,2022,4641854,225668.0,5.11,4416186.0
DKI Jakarta,Jakarta Timur,2023,4900798,258944.0,5.58,4641854.0
DKI Jakarta,Jakarta Utara,2013,2200000,,,
DKI Jakarta,Jakarta Utara,2014,2441000,241000.0,10.95,2200000.0
DKI Jakarta,Jakarta Utara,2015,2700000,259000.0,10.61,2441000.0
DKI Jakarta,Jakarta Utara,2016,3100000,400000.0,14.81,2700000.0
DKI Jakarta,Jakarta Utara,2017,3355750,255750.0,8.25,3100000.0
DKI Jakarta,Jakarta Utara,2018,3648036,292286.0,8.71,3355750.0
DKI Jakarta,Jakarta Utara,2019,3940973,292937.0,8.03,3648036.0
DKI Jakarta,Jakarta Utara,2020,4267349,326376.0,8.28,3940973.0
DKI Jakarta,Jakarta Utara,2021,4416186,148837.0,3.49,4267349.0
DKI Jakarta,Jakarta Utara,2022,4641854,225668.0,5.11,4416186.0
DKI Jakarta,Jakarta Utara,2023,4900798,258944.0,5.58,4641854.0
Jawa Timur,Jember,2013,1091950,,,
Jawa Timur,Jember,2014,1270000,178050.0,16.31,1091950.0
Jawa Timur,Jember,2015,1460500,190500.0,15.0,1270000.0
Jawa Timur,Jember,2016,1629000,168500.0,11.54,1460500.0
Jawa Timur,Jember,2017,1763400,134400.0,8.25,1629000.0
Jawa Timur,Jember,2018,1916983,153583.0,8.71,1763400.0
Jawa Timur,Jember,2019,2170917,253934.0,13.25,1916983.0
Jawa Timur,Jember,2020,2456302,285385.0,13.15,2170917.0
Jawa Timur,Jember,2021,2355662,-100640.0,-4.1,2456302.0
Jawa Timur,Jember,2022,2355662,0.0,0.0,2355662.0
Jawa Timur,Jember,2023,2555662,200000.0,8.49,2355662.0
Jawa Tengah,Jepara,2013,875000,,,
Jawa Tengah,Jepara,2014,1000000,125000.0,14.29,875000.0
Jawa Tengah,Jepara,2015,1150000,150000.0,15.0,1000000.0
Jawa Tengah,Jepara,2016,1350000,200000.0,17.39,1150000.0
Jawa Tengah,Jepara,2017,1600000,250000.0,18.52,1350000.0
Jawa Tengah,Jepara,2018,1739360,139360.0,8.71,1600000.0
Jawa Tengah,Jepara,2019,1879031,139671.0,8.03,1739360.0
Jawa Tengah,Jepara,2020,2040000,160969.0,8.57,1879031.0
Jawa Tengah,Jepara,2021,2107000,67000.0,3.28,2040000.0
Jawa Tengah,Jepara,2022,2108403,1403.0,0.07,2107000.0
Jawa Tengah,Jepara,2023,2272626,164223.0,7.79,2108403.0
Jawa Timur,Jombang,2013,1200000,,,
Jawa Timur,Jombang,2014,1500000,300000.0,25.0,1200000.0
Jawa Timur,Jombang,2015,1725000,225000.0,15.0,1500000.0
Jawa Timur,Jombang,2016,1924000,199000.0,11.54,1725000.0
Jawa Timur,Jombang,2017,2082730,158730.0,8.25,1924000.0
Jawa Timur,Jombang,2018,2264135,181405.0,8.71,2082730.0
Jawa Timur,Jombang,2019,2445945,181810.0,8.03,2264135.0
Jawa Timur,Jombang,2020,2794801,348856.0,14.26,2445945.0
Jawa Timur,Jombang,2021,2654095,-140706.0,-5.03,2794801.0
Jawa Timur,Jombang,2022,2654095,0.0,0.0,2654095.0
Jawa Timur,Jombang,2023,2854095,200000.0,7.54,2654095.0
Jawa Tengah,Karanganyar,2013,896500,,,
Jawa Tengah,Karanganyar,2014,1060000,163500.0,18.24,896500.0
Jawa Tengah,Karanganyar,2015,1226000,166000.0,15.66,1060000.0
Jawa Tengah,Karanganyar,2016,1420000,194000.0,15.82,1226000.0
Jawa Tengah,Karanganyar,2017,1560000,140000.0,9.86,1420000.0
Jawa Tengah,Karanganyar,2018,1696000,136000.0,8.72,1560000.0
Jawa Tengah,Karanganyar,2019,1833000,137000.0,8.08,1696000.0
Jawa Tengah,Karanganyar,2020,1989000,156000.0,8.51,1833000.0
Jawa Tengah,Karanganyar,2021,2054040,65040.0,3.27,1989000.0
Jawa Tengah,Karanganyar,2022,2064313,10273.0,0.5,2054040.0
Jawa Tengah,Karanganyar,2023,2207483,143170.0,6.94,2064313.0
Jawa Barat,Karawang,2013,2000000,,,
Jawa Barat,Karawang,2014,2447450,447450.0,22.37,2000000.0
Jawa Barat,Karawang,2015,2957450,510000.0,20.84,2447450.0
Jawa Barat,Karawang,2016,3330505,373055.0,12.61,2957450.0
Jawa Barat,Karawang,2017,3605272,274767.0,8.25,3330505.0
Jawa Barat,Karawang,2018,3919291,314019.0,8.71,3605272.0
Jawa Barat,Karawang,2019,4234010,314719.0,8.03,3919291.0
Jawa Barat,Karawang,2020,4594325,360315.0,8.51,4234010.0
Jawa Barat,Karawang,2021,4798312,203987.0,4.44,4594325.0
Jawa Barat,Karawang,2022,4798312,0.0,0.0,4798312.0
Jawa Barat,Karawang,2023,5176179,377867.0,7.87,4798312.0
Jawa Tengah,Kebumen,2013,849000,,,
Jawa Tengah,Kebumen,2014,910000,61000.0,7.18,849000.0
Jawa Tengah,Kebumen,2015,1165000,255000.0,28.02,910000.0
Jawa Tengah,Kebumen,2016,1300000,135000.0,11.59,1165000.0
Jawa Tengah,Kebumen,2017,1445000,145000.0,11.15,1300000.0
Jawa Tengah,Kebumen,2018,1573000,128000.0,8.86,1445000.0
Jawa Tengah,Kebumen,2019,1700000,127000.0,8.07,1573000.0
Jawa Tengah,Kebumen,2020,1845000,145000.0,8.53,1700000.0
Jawa Tengah,Kebumen,2021,1905400,60400.0,3.27,1845000.0
Jawa Tengah,Kebumen,2022,1906781,1381.0,0.07,1905400.0
Jawa Tengah,Kebumen,2023,2035890,129109.0,6.77,1906781.0
Jawa Timur,Kediri,2013,1089950,,,
Jawa Timur,Kediri,2013,1128400,38450.0,3.53,1089950.0
Jawa Timur,Kediri,2014,1135000,6600.0,0.58,1128400.0
Jawa Timur,Kediri,2014,1165000,30000.0,2.64,1135000.0
Jawa Timur,Kediri,2015,1305250,140250.0,12.04,1165000.0
Jawa Timur,Kediri,2015,1339750,34500.0,2.64,1305250.0
Jawa Timur,Kediri,2016,1456000,116250.0,8.68,1339750.0
Jawa Timur,Kediri,2016,1494000,38000.0,2.61,1456000.0
Jawa Timur,Kediri,2017,1576120,82120.0,5.5,1494000.0
Jawa Timur,Kediri,2017,1617260,41140.0,2.61,1576120.0
Jawa Timur,Kediri,2018,1713400,96140.0,5.94,1617260.0
Jawa Timur,Kediri,2018,1758117,44717.0,2.61,1713400.0
Jawa Timur,Kediri,2019,1850986,92869.0,5.28,1758117.0
Jawa Timur,Kediri,2019,1899294,48308.0,2.61,1850986.0
Jawa Timur,Kediri,2020,2008504,109210.0,5.75,1899294.0
Jawa Timur,Kediri,2020,2060925,52421.0,2.61,2008504.0
Jawa Timur,Kediri,2021,2033504,-27421.0,-1.33,2060925.0
Jawa Timur,Kediri,2021,2085924,52420.0,2.58,2033504.0
Jawa Timur,Kediri,2022,2043422,-42502.0,-2.04,2085924.0
Jawa Timur,Kediri,2022,2118116,74694.0,3.66,2043422.0
Jawa Timur,Kediri,2023,2243422,125306.0,5.92,2118116.0
Jawa Timur,Kediri,2023,2318116,74694.0,3.33,2243422.0
Jawa Tengah,Kendal,2013,953100,,,
Jawa Tengah,Kendal,2014,1206000,252900.0,26.53,953100.0
Jawa Tengah,Kendal,2015,1383450,177450.0,14.71,1206000.0
Jawa Tengah,Kendal,2016,1639600,256150.0,18.52,1383450.0
Jawa Tengah,Kendal,2017,1774867,135267.0,8.25,1639600.0
Jawa Tengah,Kendal,2018,1929458,154591.0,8.71,1774867.0
Jawa Tengah,Kendal,2019,2084393,154935.0,8.03,1929458.0
Jawa Tengah,Kendal,2020,2261775,177382.0,8.51,2084393.0
Jawa Tengah,Kendal,2021,2335735,73960.0,3.27,2261775.0
Jawa Tengah,Kendal,2022,2340312,4577.0,0.2,2335735.0
Jawa Tengah,Kendal,2023,2508299,167987.0,7.18,2340312.0
Jawa Tengah,Klaten,2013,871500,,,
Jawa Tengah,Klaten,2014,1026600,155100.0,17.8,871500.0
Jawa Tengah,Klaten,2015,1170000,143400.0,13.97,1026600.0
Jawa Tengah,Klaten,2016,1400000,230000.0,19.66,1170000.0
Jawa Tengah,Klaten,2017,1528500,128500.0,9.18,1400000.0
Jawa Tengah,Klaten,2018,1661632,133132.0,8.71,1528500.0
Jawa Tengah,Klaten,2019,1795061,133429.0,8.03,1661632.0
Jawa Tengah,Klaten,2020,1947821,152760.0,8.51,1795061.0
Jawa Tengah,Klaten,2021,2011515,63694.0,3.27,1947821.0
Jawa Tengah,Klaten,2022,2015623,4108.0,0.2,2011515.0
Jawa Tengah,Klaten,2023,2152322,136699.0,6.78,2015623.0
Jawa Tengah,Kudus,2013,990000,,,
Jawa Tengah,Kudus,2014,1150000,160000.0,16.16,990000.0
Jawa Tengah,Kudus,2015,1380000,230000.0,20.0,1150000.0
Jawa Tengah,Kudus,2016,1608200,228200.0,16.54,1380000.0
Jawa Tengah,Kudus,2017,1740900,132700.0,8.25,1608200.0
Jawa Tengah,Kudus,2018,1892500,151600.0,8.71,1740900.0
Jawa Tengah,Kudus,2019,2044467,151967.0,8.03,1892500.0
Jawa Tengah,Kudus,2020,2218451,173984.0,8.51,2044467.0
Jawa Tengah,Kudus,2021,2290995,72544.0,3.27,2218451.0
Jawa Tengah,Kudus,2022,2293058,2063.0,0.09,2290995.0
Jawa Tengah,Kudus,2023,2439813,146755.0,6.4,2293058.0
Daerah Istimewa Yogyakarta,Kulonprogo,2013,954339,,,
Daerah Istimewa Yogyakarta,Kulonprogo,2014,1069000,114661.0,12.01,954339.0
Daerah Istimewa Yogyakarta,Kulonprogo,2015,1138000,69000.0,6.45,1069000.0
Daerah Istimewa Yogyakarta,Kulonprogo,2016,1268870,130870.0,11.5,1138000.0
Daerah Istimewa Yogyakarta,Kulonprogo,2017,1373600,104730.0,8.25,1268870.0
Daerah Istimewa Yogyakarta,Kulonprogo,2018,1493250,119650.0,8.71,1373600.0
Daerah Istimewa Yogyakarta,Kulonprogo,2019,1613200,119950.0,8.03,1493250.0
Daerah Istimewa Yogyakarta,Kulonprogo,2020,1750500,137300.0,8.51,1613200.0
Daerah Istimewa Yogyakarta,Kulonprogo,2021,1770000,19500.0,1.11,1750500.0
Daerah Istimewa Yogyakarta,Kulonprogo,2022,1904275,134275.0,7.59,1770000.0
Daerah Istimewa Yogyakarta,Kulonprogo,2023,2050447,146172.0,7.68,1904275.0
Jawa Barat,Kuningan,2013,857000,,,
Jawa Barat,Kuningan,2014,1002000,145000.0,16.92,857000.0
Jawa Barat,Kuningan,2015,1206000,204000.0,20.36,1002000.0
Jawa Barat,Kuningan,2016,1364760,158760.0,13.16,1206000.0
Jawa Barat,Kuningan,2017,1477352,112592.0,8.25,1364760.0
Jawa Barat,Kuningan,2018,1606030,128678.0,8.71,1477352.0
Jawa Barat,Kuningan,2019,1734994,128964.0,8.03,1606030.0
Jawa Barat,Kuningan,2020,1882642,147648.0,8.51,1734994.0
Jawa Barat,Kuningan,2021,1882642,0.0,0.0,1882642.0
Jawa Barat,Kuningan,2022,1908102,25460.0,1.35,1882642.0
Jawa Barat,Kuningan,2023,2010734,102632.0,5.38,1908102.0
Jawa Timur,Lamongan,2013,1075700,,,
Jawa Timur,Lamongan,2014,1220000,144300.0,13.41,1075700.0
Jawa Timur,Lamongan,2015,1410000,190000.0,15.57,1220000.0
Jawa Timur,Lamongan,2016,1573000,163000.0,11.56,1410000.0
Jawa Timur,Lamongan,2017,1702780,129780.0,8.25,1573000.0
Jawa Timur,Lamongan,2018,1851083,148303.0,8.71,1702780.0
Jawa Timur,Lamongan,2019,2233641,382558.0,20.67,1851083.0
Jawa Timur,Lamongan,2020,2314278,80637.0,3.61,2233641.0
Jawa Timur,Lamongan,2021,2488724,174446.0,7.54,2314278.0
Jawa Timur,Lamongan,2022,2501977,13253.0,0.53,2488724.0
Jawa Timur,Lamongan,2023,2701977,200000.0,7.99,2501977.0
Banten,Lebak,2013,1187500,,,
Banten,Lebak,2014,1490000,302500.0,25.47,1187500.0
Banten,Lebak,2015,1728000,238000.0,15.97,1490000.0
Banten,Lebak,2016,1965000,237000.0,13.72,1728000.0
Banten,Lebak,2017,2127112,162112.0,8.25,1965000.0
Banten,Lebak,2018,2312384,185272.0,8.71,2127112.0
Banten,Lebak,2019,2498068,185684.0,8.03,2312384.0
Banten,Lebak,2020,2710654,212586.0,8.51,2498068.0
Banten,Lebak,2021,2751314,40660.0,1.5,2710654.0
Banten,Lebak,2022,2773590,22276.0,0.81,2751314.0
Banten,Lebak,2023,2944665,171075.0,6.17,2773590.0
Jawa Timur,Lumajang,2013,1011950,,,
Jawa Timur,Lumajang,2014,1120000,108050.0,10.68,1011950.0
Jawa Timur,Lumajang,2015,1288000,168000.0,15.0,1120000.0
Jawa Timur,Lumajang,2016,1437000,149000.0,11.57,1288000.0
Jawa Timur,Lumajang,2017,1555560,118560.0,8.25,1437000.0
Jawa Timur,Lumajang,2018,1691041,135481.0,8.71,1555560.0
Jawa Timur,Lumajang,2019,1826831,135790.0,8.03,1691041.0
Jawa Timur,Lumajang,2020,1982295,155464.0,8.51,1826831.0
Jawa Timur,Lumajang,2021,1982295,0.0,0.0,1982295.0
Jawa Timur,Lumajang,2022,2000607,18312.0,0.92,1982295.0
Jawa Timur,Lumajang,2023,2200607,200000.0,10.0,2000607.0
Jawa Timur,Madiun,2013,960750,,,
Jawa Timur,Madiun,2013,953000,-7750.0,-0.81,960750.0
Jawa Timur,Madiun,2014,1045000,92000.0,9.65,953000.0
Jawa Timur,Madiun,2014,1066000,21000.0,2.01,1045000.0
Jawa Timur,Madiun,2015,1196000,130000.0,12.2,1066000.0
Jawa Timur,Madiun,2015,1250000,54000.0,4.52,1196000.0
Jawa Timur,Madiun,2016,1340000,90000.0,7.2,1250000.0
Jawa Timur,Madiun,2016,1394000,54000.0,4.03,1340000.0
Jawa Timur,Madiun,2017,1450550,56550.0,4.06,1394000.0
Jawa Timur,Madiun,2017,1509010,58460.0,4.03,1450550.0
Jawa Timur,Madiun,2018,1576892,67882.0,4.5,1509010.0
Jawa Timur,Madiun,2018,1640439,63547.0,4.03,1576892.0
Jawa Timur,Madiun,2019,1763267,122828.0,7.49,1640439.0
Jawa Timur,Madiun,2019,1801406,38139.0,2.16,1763267.0
Jawa Timur,Madiun,2020,1913321,111915.0,6.21,1801406.0
Jawa Timur,Madiun,2020,1954705,41384.0,2.16,1913321.0
Jawa Timur,Madiun,2021,1951588,-3117.0,-0.16,1954705.0
Jawa Timur,Madiun,2021,1954705,3117.0,0.16,1951588.0
Jawa Timur,Madiun,2022,1958410,3705.0,0.19,1954705.0
Jawa Timur,Madiun,2022,1991105,32695.0,1.67,1958410.0
Jawa Timur,Madiun,2023,2154251,163146.0,8.19,1991105.0
Jawa Timur,Madiun,2023,2190216,35965.0,1.67,2154251.0
Jawa Tengah,Magelang,2013,942000,,,
Jawa Tengah,Magelang,2014,1152000,210000.0,22.29,942000.0
Jawa Tengah,Magelang,2015,1255000,103000.0,8.94,1152000.0
Jawa Tengah,Magelang,2016,1410000,155000.0,12.35,1255000.0
Jawa Tengah,Magelang,2017,1570000,160000.0,11.35,1410000.0
Jawa Tengah,Magelang,2018,1742000,172000.0,10.96,1570000.0
Jawa Tengah,Magelang,2019,1882000,140000.0,8.04,1742000.0
Jawa Tengah,Magelang,2020,2042200,160200.0,8.51,1882000.0
Jawa Tengah,Magelang,2021,2075000,32800.0,1.61,2042200.0
Jawa Tengah,Magelang,2022,2081807,6807.0,0.33,2075000.0
Jawa Tengah,Magelang,2023,2236776,154969.0,7.44,2081807.0
Jawa Tengah,Magelang Kota,2013,901500,,,
Jawa Tengah,Magelang Kota,2014,1037000,135500.0,15.03,901500.0
Jawa Tengah,Magelang Kota,2015,1211000,174000.0,16.78,1037000.0
Jawa Tengah,Magelang Kota,2016,1341000,130000.0,10.73,1211000.0
Jawa Tengah,Magelang Kota,2017,1453000,112000.0,8.35,1341000.0
Jawa Tengah,Magelang Kota,2018,1580000,127000.0,8.74,1453000.0
Jawa Tengah,Magelang Kota,2019,1707000,127000.0,8.04,1580000.0
Jawa Tengah,Magelang Kota,2020,1853000,146000.0,8.55,1707000.0
Jawa Tengah,Magelang Kota,2021,1914000,61000.0,3.29,1853000.0
Jawa Tengah,Magelang Kota,2022,1935913,21913.0,1.14,1914000.0
Jawa Tengah,Magelang Kota,2023,2066006,130093.0,6.72,1935913.0
Jawa Timur,Magetan,2013,866250,,,
Jawa Timur,Magetan,2014,1000000,133750.0,15.44,866250.0
Jawa Timur,Magetan,2015,1150000,150000.0,15.0,1000000.0
Jawa Timur,Magetan,2016,1283000,133000.0,11.57,1150000.0
Jawa Timur,Magetan,2017,1388850,105850.0,8.25,1283000.0
Jawa Timur,Magetan,2018,1509816,120966.0,8.71,1388850.0
Jawa Timur,Magetan,2019,1763267,253451.0,16.79,1509816.0
Jawa Timur,Magetan,2020,1913321,150054.0,8.51,1763267.0
Jawa Timur,Magetan,2021,1938321,25000.0,1.31,1913321.0
Jawa Timur,Magetan,2022,1957329,19008.0,0.98,1938321.0
Jawa Timur,Magetan,2023,2153062,195733.0,10.0,1957329.0
Jawa Barat,Majalengka,2013,850000,,,
Jawa Barat,Majalengka,2014,1000000,150000.0,17.65,850000.0
Jawa Barat,Majalengka,2015,1245000,245000.0,24.5,1000000.0
Jawa Barat,Majalengka,2016,1409360,164360.0,13.2,1245000.0
Jawa Barat,Majalengka,2017,1525632,116272.0,8.25,1409360.0
Jawa Barat,Majalengka,2018,1653515,127883.0,8.38,1525632.0
Jawa Barat,Majalengka,2019,1791693,138178.0,8.36,1653515.0
Jawa Barat,Majalengka,2020,1944166,152473.0,8.51,1791693.0
Jawa Barat,Majalengka,2021,2009000,64834.0,3.33,1944166.0
Jawa Barat,Majalengka,2022,2027619,18619.0,0.93,2009000.0
Jawa Barat,Majalengka,2023,2180602,152983.0,7.54,2027619.0
Jawa Timur,Malang,2013,1343700,,,
Jawa Timur,Malang,2013,1340300,-3400.0,-0.25,1343700.0
Jawa Timur,Malang,2014,1635000,294700.0,21.99,1340300.0
Jawa Timur,Malang,2014,1587000,-48000.0,-2.94,1635000.0
Jawa Timur,Malang,2015,1962000,375000.0,23.63,1587000.0
Jawa Timur,Malang,2015,1882250,-79750.0,-4.06,1962000.0
Jawa Timur,Malang,2016,2188000,305750.0,16.24,1882250.0
Jawa Timur,Malang,2016,2099000,-89000.0,-4.07,2188000.0
Jawa Timur,Malang,2017,2368510,269510.0,12.84,2099000.0
Jawa Timur,Malang,2017,2272170,-96340.0,-4.07,2368510.0
Jawa Timur,Malang,2018,2574807,302637.0,13.32,2272170.0
Jawa Timur,Malang,2018,2470073,-104734.0,-4.07,2574807.0
Jawa Timur,Malang,2019,2781564,311491.0,12.61,2470073.0
Jawa Timur,Malang,2019,2668420,-113144.0,-4.07,2781564.0
Jawa Timur,Malang,2020,3018530,350110.0,13.12,2668420.0
Jawa Timur,Malang,2020,2895502,-123028.0,-4.08,3018530.0
Jawa Timur,Malang,2021,3068275,172773.0,5.97,2895502.0
Jawa Timur,Malang,2021,2970502,-97773.0,-3.19,3068275.0
Jawa Timur,Malang,2022,3068275,97773.0,3.29,2970502.0
Jawa Timur,Malang,2022,2994143,-74132.0,-2.42,3068275.0
Jawa Timur,Malang,2023,3268275,274132.0,9.16,2994143.0
Jawa Timur,Malang,2023,3194143,-74132.0,-2.27,3268275.0
Jawa Timur,Mojokerto,2013,1700000,,,
Jawa Timur,Mojokerto,2013,1040000,-660000.0,-38.82,1700000.0
Jawa Timur,Mojokerto,2014,2050000,1010000.0,97.12,1040000.0
Jawa Timur,Mojokerto,2014,1250000,-800000.0,-39.02,2050000.0
Jawa Timur,Mojokerto,2015,2695000,1445000.0,115.6,1250000.0
Jawa Timur,Mojokerto,2015,1437500,-1257500.0,-46.66,2695000.0
Jawa Timur,Mojokerto,2016,3030000,1592500.0,110.78,1437500.0
Jawa Timur,Mojokerto,2016,1603000,-1427000.0,-47.1,3030000.0
Jawa Timur,Mojokerto,2017,3279980,1676980.0,104.62,1603000.0
Jawa Timur,Mojokerto,2017,1735250,-1544730.0,-47.1,3279980.0
Jawa Timur,Mojokerto,2018,3565660,1830410.0,105.48,1735250.0
Jawa Timur,Mojokerto,2018,1886387,-1679273.0,-47.1,3565660.0
Jawa Timur,Mojokerto,2019,3851983,1965596.0,104.2,1886387.0
Jawa Timur,Mojokerto,2019,2263665,-1588318.0,-41.23,3851983.0
Jawa Timur,Mojokerto,2020,4179787,1916122.0,84.65,2263665.0
Jawa Timur,Mojokerto,2020,2423724,-1756063.0,-42.01,4179787.0
Jawa Timur,Mojokerto,2021,4279787,1856063.0,76.58,2423724.0
Jawa Timur,Mojokerto,2021,2481302,-1798485.0,-42.02,4279787.0
Jawa Timur,Mojokerto,2022,4354787,1873485.0,75.5,2481302.0
Jawa Timur,Mojokerto,2022,2510452,-1844335.0,-42.35,4354787.0
Jawa Timur,Mojokerto,2023,4504787,1994335.0,79.44,2510452.0
Jawa Timur,Mojokerto,2023,2710452,-1794335.0,-39.83,4504787.0
Jawa Timur,Nganjuk,2013,960200,,,
Jawa Timur,Nganjuk,2014,1131000,170800.0,17.79,960200.0
Jawa Timur,Nganjuk,2015,1265000,134000.0,11.85,1131000.0
Jawa Timur,Nganjuk,2016,1411000,146000.0,11.54,1265000.0
Jawa Timur,Nganjuk,2017,1527410,116410.0,8.25,1411000.0
Jawa Timur,Nganjuk,2018,1660444,133034.0,8.71,1527410.0
Jawa Timur,Nganjuk,2019,1801406,140962.0,8.49,1660444.0
Jawa Timur,Nganjuk,2020,1954705,153299.0,8.51,1801406.0
Jawa Timur,Nganjuk,2021,1954705,0.0,0.0,1954705.0
Jawa Timur,Nganjuk,2022,1970006,15301.0,0.78,1954705.0
Jawa Timur,Nganjuk,2023,2167007,197001.0,10.0,1970006.0
Jawa Timur,Ngawi,2013,900000,,,
Jawa Timur,Ngawi,2014,1040000,140000.0,15.56,900000.0
Jawa Timur,Ngawi,2015,1150000,110000.0,10.58,1040000.0
Jawa Timur,Ngawi,2016,1334000,184000.0,16.0,1150000.0
Jawa Timur,Ngawi,2017,1444060,110060.0,8.25,1334000.0
Jawa Timur,Ngawi,2018,1569832,125772.0,8.71,1444060.0
Jawa Timur,Ngawi,2019,1763267,193435.0,12.32,1569832.0
Jawa Timur,Ngawi,2020,1913321,150054.0,8.51,1763267.0
Jawa Timur,Ngawi,2021,1960510,47189.0,2.47,1913321.0
Jawa Timur,Ngawi,2022,1962585,2075.0,0.11,1960510.0
Jawa Timur,Ngawi,2023,2158844,196259.0,10.0,1962585.0
Jawa Timur,Pacitan,2013,887250,,,
Jawa Timur,Pacitan,2014,1000000,112750.0,12.71,887250.0
Jawa Timur,Pacitan,2015,1150000,150000.0,15.0,1000000.0
Jawa Timur,Pacitan,2016,1283000,133000.0,11.57,1150000.0
Jawa Timur,Pacitan,2017,1388850,105850.0,8.25,1283000.0
Jawa Timur,Pacitan,2018,1509816,120966.0,8.71,1388850.0
Jawa Timur,Pacitan,2019,1763267,253451.0,16.79,1509816.0
Jawa Timur,Pacitan,2020,1913321,150054.0,8.51,1763267.0
Jawa Timur,Pacitan,2021,1961154,47833.0,2.5,1913321.0
Jawa Timur,Pacitan,2022,1961154,0.0,0.0,1961154.0
Jawa Timur,Pacitan,2023,2157270,196116.0,10.0,1961154.0
Jawa Timur,Pamekasan,2013,1059600,,,
Jawa Timur,Pamekasan,2014,1090000,30400.0,2.87,1059600.0
Jawa Timur,Pamekasan,2015,1201750,111750.0,10.25,1090000.0
Jawa Timur,Pamekasan,2016,1350000,148250.0,12.34,1201750.0
Jawa Timur,Pamekasan,2017,1461380,111380.0,8.25,1350000.0
Jawa Timur,Pamekasan,2018,1588660,127280.0,8.71,1461380.0
Jawa Timur,Pamekasan,2019,1763267,174607.0,10.99,1588660.0
Jawa Timur,Pamekasan,2020,1913321,150054.0,8.51,1763267.0
Jawa Timur,Pamekasan,2021,1938321,25000.0,1.31,1913321.0
Jawa Timur,Pamekasan,2022,1939686,1365.0,0.07,1938321.0
Jawa Timur,Pamekasan,2023,2133655,193969.0,10.0,1939686.0
Banten,Pandeglang,2013,1182000,,,
Banten,Pandeglang,2014,1418000,236000.0,19.97,1182000.0
Banten,Pandeglang,2015,1737000,319000.0,22.5,1418000.0
Banten,Pandeglang,2016,1999981,262981.0,15.14,1737000.0
Banten,Pandeglang,2017,2164979,164998.0,8.25,1999981.0
Banten,Pandeglang,2018,2363549,198570.0,9.17,2164979.0
Banten,Pandeglang,2019,2542539,178990.0,7.57,2363549.0
Banten,Pandeglang,2020,2758909,216370.0,8.51,2542539.0
Banten,Pandeglang,2021,2800293,41384.0,1.5,2758909.0
Banten,Pandeglang,2022,2800292,-1.0,-0.0,2800293.0
Banten,Pandeglang,2023,2980351,180059.0,6.43,2800292.0
Jawa Barat,Pangandaran,2014,1040928,,,
Jawa Barat,Pangandaran,2015,1131862,90934.0,8.74,1040928.0
Jawa Barat,Pangandaran,2016,1324620,192758.0,17.03,1131862.0
Jawa Barat,Pangandaran,2017,1433901,109281.0,8.25,1324620.0
Jawa Barat,Pangandaran,2018,1558794,124893.0,8.71,1433901.0
Jawa Barat,Pangandaran,2019,1714673,155879.0,10.0,1558794.0
Jawa Barat,Pangandaran,2020,1860591,145918.0,8.51,1714673.0
Jawa Barat,Pangandaran,2021,1860591,0.0,0.0,1860591.0
Jawa Barat,Pangandaran,2022,1884364,23773.0,1.28,1860591.0
Jawa Barat,Pangandaran,2023,2018389,134025.0,7.11,1884364.0
Jawa Timur,Pasuruan,2013,1720000,,,
Jawa Timur,Pasuruan,2013,1195800,-524200.0,-30.48,1720000.0
Jawa Timur,Pasuruan,2014,2190000,994200.0,83.14,1195800.0
Jawa Timur,Pasuruan,2014,1360000,-830000.0,-37.9,2190000.0
Jawa Timur,Pasuruan,2015,2700000,1340000.0,98.53,1360000.0
Jawa Timur,Pasuruan,2015,1575000,-1125000.0,-41.67,2700000.0
Jawa Timur,Pasuruan,2016,3037500,1462500.0,92.86,1575000.0
Jawa Timur,Pasuruan,2016,1757000,-1280500.0,-42.16,3037500.0
Jawa Timur,Pasuruan,2017,3288100,1531100.0,87.14,1757000.0
Jawa Timur,Pasuruan,2017,1879220,-1408880.0,-42.85,3288100.0
Jawa Timur,Pasuruan,2018,3574486,1695266.0,90.21,1879220.0
Jawa Timur,Pasuruan,2018,2067612,-1506874.0,-42.16,3574486.0
Jawa Timur,Pasuruan,2019,3861518,1793906.0,86.76,2067612.0
Jawa Timur,Pasuruan,2019,2575616,-1285902.0,-33.3,3861518.0
Jawa Timur,Pasuruan,2020,4190133,1614517.0,62.68,2575616.0
Jawa Timur,Pasuruan,2020,2532234,-1657899.0,-39.57,4190133.0
Jawa Timur,Pasuruan,2021,4290133,1757899.0,69.42,2532234.0
Jawa Timur,Pasuruan,2021,2819801,-1470332.0,-34.27,4290133.0
Jawa Timur,Pasuruan,2022,4365133,1545332.0,54.8,2819801.0
Jawa Timur,Pasuruan,2022,2838837,-1526296.0,-34.97,4365133.0
Jawa Timur,Pasuruan,2023,4515133,1676296.0,59.05,2838837.0
Jawa Timur,Pasuruan,2023,3038837,-1476296.0,-32.7,4515133.0
Jawa Tengah,Pati,2013,927600,,,
Jawa Tengah,Pati,2014,1013027,85427.0,9.21,927600.0
Jawa Tengah,Pati,2015,1176500,163473.0,16.14,1013027.0
Jawa Tengah,Pati,2016,1310000,133500.0,11.35,1176500.0
Jawa Tengah,Pati,2017,1420500,110500.0,8.44,1310000.0
Jawa Tengah,Pati,2018,1585000,164500.0,11.58,1420500.0
Jawa Tengah,Pati,2019,1742000,157000.0,9.91,1585000.0
Jawa Tengah,Pati,2020,1891000,149000.0,8.55,1742000.0
Jawa Tengah,Pati,2021,1953000,62000.0,3.28,1891000.0
Jawa Tengah,Pati,2022,1968339,15339.0,0.79,1953000.0
Jawa Tengah,Pati,2023,2107697,139358.0,7.08,1968339.0
Jawa Tengah,Pekalongan,2013,962000,,,
Jawa Tengah,Pekalongan,2014,1145000,183000.0,19.02,962000.0
Jawa Tengah,Pekalongan,2015,1271000,126000.0,11.0,1145000.0
Jawa Tengah,Pekalongan,2016,1463000,192000.0,15.11,1271000.0
Jawa Tengah,Pekalongan,2017,1583697,120697.0,8.25,1463000.0
Jawa Tengah,Pekalongan,2018,1721637,137940.0,8.71,1583697.0
Jawa Tengah,Pekalongan,2019,1859885,138248.0,8.03,1721637.0
Jawa Tengah,Pekalongan,2020,2018161,158276.0,8.51,1859885.0
Jawa Tengah,Pekalongan,2021,2084155,65994.0,3.27,2018161.0
Jawa Tengah,Pekalongan,2022,2094646,10491.0,0.5,2084155.0
Jawa Tengah,Pekalongan,2023,2247345,152699.0,7.29,2094646.0
Jawa Tengah,Pekalongan Kota,2013,980000,,,
Jawa Tengah,Pekalongan Kota,2014,1165000,185000.0,18.88,980000.0
Jawa Tengah,Pekalongan Kota,2015,1291000,126000.0,10.82,1165000.0
Jawa Tengah,Pekalongan Kota,2016,1500000,209000.0,16.19,1291000.0
Jawa Tengah,Pekalongan Kota,2017,1623750,123750.0,8.25,1500000.0
Jawa Tengah,Pekalongan Kota,2018,1765178,141428.0,8.71,1623750.0
Jawa Tengah,Pekalongan Kota,2019,1906922,141744.0,8.03,1765178.0
Jawa Tengah,Pekalongan Kota,2020,2072000,165078.0,8.66,1906922.0
Jawa Tengah,Pekalongan Kota,2021,2139754,67754.0,3.27,2072000.0
Jawa Tengah,Pekalongan Kota,2022,2156213,16459.0,0.77,2139754.0
Jawa Tengah,Pekalongan Kota,2023,2305822,149609.0,6.94,2156213.0
Jawa Tengah,Pemalang,2013,908000,,,
Jawa Tengah,Pemalang,2014,1066000,158000.0,17.4,908000.0
Jawa Tengah,Pemalang,2015,1193400,127400.0,11.95,1066000.0
Jawa Tengah,Pemalang,2016,1325000,131600.0,11.03,1193400.0
Jawa Tengah,Pemalang,2017,1460000,135000.0,10.19,1325000.0
Jawa Tengah,Pemalang,2018,1588000,128000.0,8.77,1460000.0
Jawa Tengah,Pemalang,2019,1718000,130000.0,8.19,1588000.0
Jawa Tengah,Pemalang,2020,1865000,147000.0,8.56,1718000.0
Jawa Tengah,Pemalang,2021,1926000,61000.0,3.27,1865000.0
Jawa Tengah,Pemalang,2022,1940890,14890.0,0.77,1926000.0
Jawa Tengah,Pemalang,2023,2081783,140893.0,7.26,1940890.0
Jawa Timur,Ponorogo,2013,924000,,,
Jawa Timur,Ponorogo,2014,1000000,76000.0,8.23,924000.0
Jawa Timur,Ponorogo,2015,1150000,150000.0,15.0,1000000.0
Jawa Timur,Ponorogo,2016,1283000,133000.0,11.57,1150000.0
Jawa Timur,Ponorogo,2017,1388850,105850.0,8.25,1283000.0
Jawa Timur,Ponorogo,2018,1509816,120966.0,8.71,1388850.0
Jawa Timur,Ponorogo,2019,1763267,253451.0,16.79,1509816.0
Jawa Timur,Ponorogo,2020,1913321,150054.0,8.51,1763267.0
Jawa Timur,Ponorogo,2021,1938321,25000.0,1.31,1913321.0
Jawa Timur,Ponorogo,2022,1954281,15960.0,0.82,1938321.0
Jawa Timur,Ponorogo,2023,2149709,195428.0,10.0,1954281.0
Jawa Timur,Probolinggo,2013,1198600,,,
Jawa Timur,Probolinggo,2013,1103200,-95400.0,-7.96,1198600.0
Jawa Timur,Probolinggo,2014,1353750,250550.0,22.71,1103200.0
Jawa Timur,Probolinggo,2014,1250000,-103750.0,-7.66,1353750.0
Jawa Timur,Probolinggo,2015,1556800,306800.0,24.54,1250000.0
Jawa Timur,Probolinggo,2015,1437500,-119300.0,-7.66,1556800.0
Jawa Timur,Probolinggo,2016,1736000,298500.0,20.77,1437500.0
Jawa Timur,Probolinggo,2016,1603000,-133000.0,-7.66,1736000.0
Jawa Timur,Probolinggo,2017,1879220,276220.0,17.23,1603000.0
Jawa Timur,Probolinggo,2017,1735250,-143970.0,-7.66,1879220.0
Jawa Timur,Probolinggo,2018,2042900,307650.0,17.73,1735250.0
Jawa Timur,Probolinggo,2018,1886387,-156513.0,-7.66,2042900.0
Jawa Timur,Probolinggo,2019,2306944,420557.0,22.29,1886387.0
Jawa Timur,Probolinggo,2019,2137864,-169080.0,-7.33,2306944.0
Jawa Timur,Probolinggo,2020,2503265,365401.0,17.09,2137864.0
Jawa Timur,Probolinggo,2020,2355662,-147603.0,-5.9,2503265.0
Jawa Timur,Probolinggo,2021,2553265,197603.0,8.39,2355662.0
Jawa Timur,Probolinggo,2021,2350000,-203265.0,-7.96,2553265.0
Jawa Timur,Probolinggo,2022,2553265,203265.0,8.65,2350000.0
Jawa Timur,Probolinggo,2022,2376240,-177025.0,-6.93,2553265.0
Jawa Timur,Probolinggo,2023,2753265,377025.0,15.87,2376240.0
Jawa Timur,Probolinggo,2023,2576240,-177025.0,-6.43,2753265.0
Jawa Tengah,Purbalingga,2013,896005,,,
Jawa Tengah,Purbalingga,2014,1023000,126995.0,14.17,896005.0
Jawa Tengah,Purbalingga,2015,1101600,78600.0,7.68,1023000.0
Jawa Tengah,Purbalingga,2016,1377500,275900.0,25.05,1101600.0
Jawa Tengah,Purbalingga,2017,1522500,145000.0,10.53,1377500.0
Jawa Tengah,Purbalingga,2018,1655200,132700.0,8.72,1522500.0
Jawa Tengah,Purbalingga,2019,1788500,133300.0,8.05,1655200.0
Jawa Tengah,Purbalingga,2020,1940800,152300.0,8.52,1788500.0
Jawa Tengah,Purbalingga,2021,1988000,47200.0,2.43,1940800.0
Jawa Tengah,Purbalingga,2022,1996814,8814.0,0.44,1988000.0
Jawa Tengah,Purbalingga,2023,2130980,134166.0,6.72,1996814.0
Jawa Barat,Purwakarta,2013,1693167,,,
Jawa Barat,Purwakarta,2014,2100000,406833.0,24.03,1693167.0
Jawa Barat,Purwakarta,2015,2600000,500000.0,23.81,2100000.0
Jawa Barat,Purwakarta,2016,2927990,327990.0,12.62,2600000.0
Jawa Barat,Purwakarta,2017,3169549,241559.0,8.25,2927990.0
Jawa Barat,Purwakarta,2018,3445617,276068.0,8.71,3169549.0
Jawa Barat,Purwakarta,2019,3722299,276682.0,8.03,3445617.0
Jawa Barat,Purwakarta,2020,4039067,316768.0,8.51,3722299.0
Jawa Barat,Purwakarta,2021,4173568,134501.0,3.33,4039067.0
Jawa Barat,Purwakarta,2022,4173568,0.0,0.0,4173568.0
Jawa Barat,Purwakarta,2023,4464675,291107.0,6.98,4173568.0
Jawa Tengah,Purworejo,2013,835000,,,
Jawa Tengah,Purworejo,2014,975000,140000.0,16.77,835000.0
Jawa Tengah,Purworejo,2015,1157500,182500.0,18.72,975000.0
Jawa Tengah,Purworejo,2016,1324600,167100.0,14.44,1157500.0
Jawa Tengah,Purworejo,2017,1433900,109300.0,8.25,1324600.0
Jawa Tengah,Purworejo,2018,1560000,126100.0,8.79,1433900.0
Jawa Tengah,Purworejo,2019,1686000,126000.0,8.08,1560000.0
Jawa Tengah,Purworejo,2020,1835000,149000.0,8.84,1686000.0
Jawa Tengah,Purworejo,2021,1895000,60000.0,3.27,1835000.0
Jawa Tengah,Purworejo,2022,1911850,16850.0,0.89,1895000.0
Jawa Tengah,Purworejo,2023,2043902,132052.0,6.91,1911850.0
Jawa Tengah,Rembang,2013,896000,,,
Jawa Tengah,Rembang,2014,985000,89000.0,9.93,896000.0
Jawa Tengah,Rembang,2015,1120000,135000.0,13.71,985000.0
Jawa Tengah,Rembang,2016,1300000,180000.0,16.07,1120000.0
Jawa Tengah,Rembang,2017,1408000,108000.0,8.31,1300000.0
Jawa Tengah,Rembang,2018,1535000,127000.0,9.02,1408000.0
Jawa Tengah,Rembang,2019,1660000,125000.0,8.14,1535000.0
Jawa Tengah,Rembang,2020,1802000,142000.0,8.55,1660000.0
Jawa Tengah,Rembang,2021,1861000,59000.0,3.27,1802000.0
Jawa Tengah,Rembang,2022,1874322,13322.0,0.72,1861000.0
Jawa Tengah,Rembang,2023,2015927,141605.0,7.55,1874322.0
Jawa Tengah,Salatiga,2013,974000,,,
Jawa Tengah,Salatiga,2014,1170000,196000.0,20.12,974000.0
Jawa Tengah,Salatiga,2015,1287000,117000.0,10.0,1170000.0
Jawa Tengah,Salatiga,2016,1450953,163953.0,12.74,1287000.0
Jawa Tengah,Salatiga,2017,1596844,145891.0,10.05,1450953.0
Jawa Tengah,Salatiga,2018,1735930,139086.0,8.71,1596844.0
Jawa Tengah,Salatiga,2019,1875325,139395.0,8.03,1735930.0
Jawa Tengah,Salatiga,2020,2034915,159590.0,8.51,1875325.0
Jawa Tengah,Salatiga,2021,2101457,66542.0,3.27,2034915.0
Jawa Tengah,Salatiga,2022,2128523,27066.0,1.29,2101457.0
Jawa Tengah,Salatiga,2023,2284179,155656.0,7.31,2128523.0
Jawa Timur,Sampang,2013,1104600,,,
Jawa Timur,Sampang,2014,1120000,15400.0,1.39,1104600.0
Jawa Timur,Sampang,2015,1231650,111650.0,9.97,1120000.0
Jawa Timur,Sampang,2016,1387000,155350.0,12.61,1231650.0
Jawa Timur,Sampang,2017,1501430,114430.0,8.25,1387000.0
Jawa Timur,Sampang,2018,1632201,130771.0,8.71,1501430.0
Jawa Timur,Sampang,2019,1763267,131066.0,8.03,1632201.0
Jawa Timur,Sampang,2020,1913321,150054.0,8.51,1763267.0
Jawa Timur,Sampang,2021,1938321,25000.0,1.31,1913321.0
Jawa Timur,Sampang,2022,1922122,-16199.0,-0.84,1938321.0
Jawa Timur,Sampang,2023,2114335,192213.0,10.0,1922122.0
Jawa Tengah,Semarang,2013,1051000,,,
Jawa Tengah,Semarang,2013,1209100,158100.0,15.04,1051000.0
Jawa Tengah,Semarang,2014,1208200,-900.0,-0.07,1209100.0
Jawa Tengah,Semarang,2014,1435000,226800.0,18.77,1208200.0
Jawa Tengah,Semarang,2015,1419000,-16000.0,-1.11,1435000.0
Jawa Tengah,Semarang,2015,1685000,266000.0,18.75,1419000.0
Jawa Tengah,Semarang,2016,1610000,-75000.0,-4.45,1685000.0
Jawa Tengah,Semarang,2016,1909000,299000.0,18.57,1610000.0
Jawa Tengah,Semarang,2017,1745000,-164000.0,-8.59,1909000.0
Jawa Tengah,Semarang,2017,2125000,380000.0,21.78,1745000.0
Jawa Tengah,Semarang,2018,1900000,-225000.0,-10.59,2125000.0
Jawa Tengah,Semarang,2018,2310087,410087.0,21.58,1900000.0
Jawa Tengah,Semarang,2019,2055000,-255087.0,-11.04,2310087.0
Jawa Tengah,Semarang,2019,2498587,443587.0,21.59,2055000.0
Jawa Tengah,Semarang,2020,2229880,-268707.0,-10.75,2498587.0
Jawa Tengah,Semarang,2020,2715000,485120.0,21.76,2229880.0
Jawa Tengah,Semarang,2021,2302798,-412202.0,-15.18,2715000.0
Jawa Tengah,Semarang,2021,2810025,507227.0,22.03,2302798.0
Jawa Tengah,Semarang,2022,2311254,-498771.0,-17.75,2810025.0
Jawa Tengah,Semarang,2022,2835021,523767.0,22.66,2311254.0
Jawa Tengah,Semarang,2023,2480988,-354033.0,-12.49,2835021.0
Jawa Tengah,Semarang,2023,3060348,579360.0,23.35,2480988.0
Banten,Serang,2013,2080000,,,
Banten,Serang,2014,2340000,260000.0,12.5,2080000.0
Banten,Serang,2015,2700000,360000.0,15.38,2340000.0
Banten,Serang,2016,3010500,310500.0,11.5,2700000.0
Banten,Serang,2017,3258866,248366.0,8.25,3010500.0
Banten,Serang,2018,3542714,283848.0,8.71,3258866.0
Banten,Serang,2019,3827193,284479.0,8.03,3542714.0
Banten,Serang,2020,4152887,325694.0,8.51,3827193.0
Banten,Serang,2021,4215181,62294.0,1.5,4152887.0
Banten,Serang,2022,4215180,-1.0,-0.0,4215181.0
Banten,Serang,2023,4492961,277781.0,6.59,4215180.0
Banten,Serang Kota,2013,1798446,,,
Banten,Serang Kota,2014,2166000,367554.0,20.44,1798446.0
Banten,Serang Kota,2015,2375000,209000.0,9.65,2166000.0
Banten,Serang Kota,2016,2648125,273125.0,11.5,2375000.0
Banten,Serang Kota,2017,2866595,218470.0,8.25,2648125.0
Banten,Serang Kota,2018,3116276,249681.0,8.71,2866595.0
Banten,Serang Kota,2019,3366512,250236.0,8.03,3116276.0
Banten,Serang Kota,2020,3773940,407428.0,12.1,3366512.0
Banten,Serang Kota,2021,3830549,56609.0,1.5,3773940.0
Banten,Serang Kota,2022,3850526,19977.0,0.52,3830549.0
Banten,Serang Kota,2023,4090799,240273.0,6.24,3850526.0
Jawa Timur,Sidoarjo,2013,1720000,,,
Jawa Timur,Sidoarjo,2014,2190000,470000.0,27.33,1720000.0
Jawa Timur,Sidoarjo,2015,2705000,515000.0,23.52,2190000.0
Jawa Timur,Sidoarjo,2016,3040000,335000.0,12.38,2705000.0
Jawa Timur,Sidoarjo,2017,3290800,250800.0,8.25,3040000.0
Jawa Timur,Sidoarjo,2018,3577428,286628.0,8.71,3290800.0
Jawa Timur,Sidoarjo,2019,3864696,287268.0,8.03,3577428.0
Jawa Timur,Sidoarjo,2020,4193581,328885.0,8.51,3864696.0
Jawa Timur,Sidoarjo,2021,4293581,100000.0,2.38,4193581.0
Jawa Timur,Sidoarjo,2022,4368581,75000.0,1.75,4293581.0
Jawa Timur,Sidoarjo,2023,4518581,150000.0,3.43,4368581.0
Jawa Timur,Situbondo,2013,1048000,,,
Jawa Timur,Situbondo,2014,1071000,23000.0,2.19,1048000.0
Jawa Timur,Situbondo,2015,1209900,138900.0,12.97,1071000.0
Jawa Timur,Situbondo,2016,1374000,164100.0,13.56,1209900.0
Jawa Timur,Situbondo,2017,1487360,113360.0,8.25,1374000.0
Jawa Timur,Situbondo,2018,1616903,129543.0,8.71,1487360.0
Jawa Timur,Situbondo,2019,1763267,146364.0,9.05,1616903.0
Jawa Timur,Situbondo,2020,1913321,150054.0,8.51,1763267.0
Jawa Timur,Situbondo,2021,1938321,25000.0,1.31,1913321.0
Jawa Timur,Situbondo,2022,1942750,4429.0,0.23,1938321.0
Jawa Timur,Situbondo,2023,2137025,194275.0,10.0,1942750.0
Daerah Istimewa Yogyakarta,Sleman,2013,1026181,,,
Daerah Istimewa Yogyakarta,Sleman,2014,1127000,100819.0,9.82,1026181.0
Daerah Istimewa Yogyakarta,Sleman,2015,1200000,73000.0,6.48,1127000.0
Daerah Istimewa Yogyakarta,Sleman,2016,1338000,138000.0,11.5,1200000.0
Daerah Istimewa Yogyakarta,Sleman,2017,1448385,110385.0,8.25,1338000.0
Daerah Istimewa Yogyakarta,Sleman,2018,1574550,126165.0,8.71,1448385.0
Daerah Istimewa Yogyakarta,Sleman,2019,1701000,126450.0,8.03,1574550.0
Daerah Istimewa Yogyakarta,Sleman,2020,1846000,145000.0,8.52,1701000.0
Daerah Istimewa Yogyakarta,Sleman,2021,1903500,57500.0,3.11,1846000.0
Daerah Istimewa Yogyakarta,Sleman,2022,2001000,97500.0,5.12,1903500.0
Daerah Istimewa Yogyakarta,Sleman,2023,2159519,158519.0,7.92,2001000.0
Jawa Tengah,Sragen,2013,864000,,,
Jawa Tengah,Sragen,2014,960000,96000.0,11.11,864000.0
Jawa Tengah,Sragen,2015,1105000,145000.0,15.1,960000.0
Jawa Tengah,Sragen,2016,1300000,195000.0,17.65,1105000.0
Jawa Tengah,Sragen,2017,1422585,122585.0,9.43,1300000.0
Jawa Tengah,Sragen,2018,1546492,123907.0,8.71,1422585.0
Jawa Tengah,Sragen,2019,1673500,127008.0,8.21,1546492.0
Jawa Tengah,Sragen,2020,1815914,142414.0,8.51,1673500.0
Jawa Tengah,Sragen,2021,1829500,13586.0,0.75,1815914.0
Jawa Tengah,Sragen,2022,1839429,9929.0,0.54,1829500.0
Jawa Tengah,Sragen,2023,1969569,130140.0,7.08,1839429.0
Jawa Barat,Subang,2013,1220000,,,
Jawa Barat,Subang,2014,1557956,337956.0,27.7,1220000.0
Jawa Barat,Subang,2015,1900000,342044.0,21.95,1557956.0
Jawa Barat,Subang,2016,2149720,249720.0,13.14,1900000.0
Jawa Barat,Subang,2017,2327072,177352.0,8.25,2149720.0
Jawa Barat,Subang,2018,2529759,202687.0,8.71,2327072.0
Jawa Barat,Subang,2019,2732899,203140.0,8.03,2529759.0
Jawa Barat,Subang,2020,2965468,232569.0,8.51,2732899.0
Jawa Barat,Subang,2021,3064218,98750.0,3.33,2965468.0
Jawa Barat,Subang,2022,3064218,0.0,0.0,3064218.0
Jawa Barat,Subang,2023,3273810,209592.0,6.84,3064218.0
Jawa Barat,Sukabumi,2013,1201020,,,
Jawa Barat,Sukabumi,2014,1565922,364902.0,30.38,1201020.0
Jawa Barat,Sukabumi,2015,1940000,374078.0,23.89,1565922.0
Jawa Barat,Sukabumi,2016,2195435,255435.0,13.17,1940000.0
Jawa Barat,Sukabumi,2017,2376558,181123.0,8.25,2195435.0
Jawa Barat,Sukabumi,2018,2583557,206999.0,8.71,2376558.0
Jawa Barat,Sukabumi,2019,2791016,207459.0,8.03,2583557.0
Jawa Barat,Sukabumi,2020,3028531,237515.0,8.51,2791016.0
Jawa Barat,Sukabumi,2021,3125444,96913.0,3.2,3028531.0
Jawa Barat,Sukabumi,2022,3125444,0.0,0.0,3125444.0
Jawa Barat,Sukabumi,2023,3351883,226439.0,7.25,3125444.0
Jawa Barat,Sukabumi Kota,2013,1050000,,,
Jawa Barat,Sukabumi Kota,2014,1350000,300000.0,28.57,1050000.0
Jawa Barat,Sukabumi Kota,2015,1572000,222000.0,16.44,1350000.0
Jawa Barat,Sukabumi Kota,2016,1834175,262175.0,16.68,1572000.0
Jawa Barat,Sukabumi Kota,2017,1985494,151319.0,8.25,1834175.0
Jawa Barat,Sukabumi Kota,2018,2158431,172937.0,8.71,1985494.0
Jawa Barat,Sukabumi Kota,2019,2331752,173321.0,8.03,2158431.0
Jawa Barat,Sukabumi Kota,2020,2530182,198430.0,8.51,2331752.0
Jawa Barat,Sukabumi Kota,2021,2530182,0.0,0.0,2530182.0
Jawa Barat,Sukabumi Kota,2022,2562434,32252.0,1.27,2530182.0
Jawa Barat,Sukabumi Kota,2023,2747774,185340.0,7.23,2562434.0
Jawa Tengah,Sukoharjo,2013,902000,,,
Jawa Tengah,Sukoharjo,2014,1150000,248000.0,27.49,902000.0
Jawa Tengah,Sukoharjo,2015,1223000,73000.0,6.35,1150000.0
Jawa Tengah,Sukoharjo,2016,1396000,173000.0,14.15,1223000.0
Jawa Tengah,Sukoharjo,2017,1513000,117000.0,8.38,1396000.0
Jawa Tengah,Sukoharjo,2018,1648000,135000.0,8.92,1513000.0
Jawa Tengah,Sukoharjo,2019,1783500,135500.0,8.22,1648000.0
Jawa Tengah,Sukoharjo,2020,1938000,154500.0,8.66,1783500.0
Jawa Tengah,Sukoharjo,2021,1986450,48450.0,2.5,1938000.0
Jawa Tengah,Sukoharjo,2022,1998153,11703.0,0.59,1986450.0
Jawa Tengah,Sukoharjo,2023,2138247,140094.0,7.01,1998153.0
Jawa Barat,Sumedang,2013,1381700,,,
Jawa Barat,Sumedang,2014,1735473,353773.0,25.6,1381700.0
Jawa Barat,Sumedang,2015,2001195,265722.0,15.31,1735473.0
Jawa Barat,Sumedang,2016,2275715,274520.0,13.72,2001195.0
Jawa Barat,Sumedang,2017,2463461,187746.0,8.25,2275715.0
Jawa Barat,Sumedang,2018,2678029,214568.0,8.71,2463461.0
Jawa Barat,Sumedang,2019,2893074,215045.0,8.03,2678029.0
Jawa Barat,Sumedang,2020,3139275,246201.0,8.51,2893074.0
Jawa Barat,Sumedang,2021,3241929,102654.0,3.27,3139275.0
Jawa Barat,Sumedang,2022,3241929,0.0,0.0,3241929.0
Jawa Barat,Sumedang,2023,3471134,229205.0,7.07,3241929.0
Jawa Timur,Sumenep,2013,965000,,,
Jawa Timur,Sumenep,2014,1090000,125000.0,12.95,965000.0
Jawa Timur,Sumenep,2015,1253500,163500.0,15.0,1090000.0
Jawa Timur,Sumenep,2016,1398000,144500.0,11.53,1253500.0
Jawa Timur,Sumenep,2017,1513340,115340.0,8.25,1398000.0
Jawa Timur,Sumenep,2018,1645146,131806.0,8.71,1513340.0
Jawa Timur,Sumenep,2019,1801406,156260.0,9.5,1645146.0
Jawa Timur,Sumenep,2020,1954705,153299.0,8.51,1801406.0
Jawa Timur,Sumenep,2021,1954705,0.0,0.0,1954705.0
Jawa Timur,Sumenep,2022,1978927,24222.0,1.24,1954705.0
Jawa Timur,Sumenep,2023,2176819,197892.0,10.0,1978927.0
Jawa Timur,Surabaya,2013,1740000,,,
Jawa Timur,Surabaya,2014,2200000,460000.0,26.44,1740000.0
Jawa Timur,Surabaya,2015,2710000,510000.0,23.18,2200000.0
Jawa Timur,Surabaya,2016,3045000,335000.0,12.36,2710000.0
Jawa Timur,Surabaya,2017,3296220,251220.0,8.25,3045000.0
Jawa Timur,Surabaya,2018,3583312,287092.0,8.71,3296220.0
Jawa Timur,Surabaya,2019,3871052,287740.0,8.03,3583312.0
Jawa Timur,Surabaya,2020,4200479,329427.0,8.51,3871052.0
Jawa Timur,Surabaya,2021,4300479,100000.0,2.38,4200479.0
Jawa Timur,Surabaya,2022,4375479,75000.0,1.74,4300479.0
Jawa Timur,Surabaya,2023,4525479,150000.0,3.43,4375479.0
Jawa Tengah,Surakarta,2013,915900,,,
Jawa Tengah,Surakarta,2014,1145000,229100.0,25.01,915900.0
Jawa Tengah,Surakarta,2015,1222400,77400.0,6.76,1145000.0
Jawa Tengah,Surakarta,2016,1418000,195600.0,16.0,1222400.0
Jawa Tengah,Surakarta,2017,1534985,116985.0,8.25,1418000.0
Jawa Tengah,Surakarta,2018,1668700,133715.0,8.71,1534985.0
Jawa Tengah,Surakarta,2019,1802700,134000.0,8.03,1668700.0
Jawa Tengah,Surakarta,2020,1956200,153500.0,8.52,1802700.0
Jawa Tengah,Surakarta,2021,2013810,57610.0,2.94,1956200.0
Jawa Tengah,Surakarta,2022,2035720,21910.0,1.09,2013810.0
Jawa Tengah,Surakarta,2023,2174169,138449.0,6.8,2035720.0
Banten,Tangerang,2013,2200000,,,
Banten,Tangerang,2014,2442000,242000.0,11.0,2200000.0
Banten,Tangerang,2015,2710000,268000.0,10.97,2442000.0
Banten,Tangerang,2016,3021650,311650.0,11.5,2710000.0
Banten,Tangerang,2017,3270936,249286.0,8.25,3021650.0
Banten,Tangerang,2018,3555835,284899.0,8.71,3270936.0
Banten,Tangerang,2019,3841368,285533.0,8.03,3555835.0
Banten,Tangerang,2020,4168268,326900.0,8.51,3841368.0
Banten,Tangerang,2021,4230793,62525.0,1.5,4168268.0
Banten,Tangerang,2022,4230792,-1.0,-0.0,4230793.0
Banten,Tangerang,2023,4527688,296896.0,7.02,4230792.0
Banten,Tangerang Kota,2013,2203000,,,
Banten,Tangerang Kota,2014,2444301,241301.0,10.95,2203000.0
Banten,Tangerang Kota,2015,2730000,285699.0,11.69,2444301.0
Banten,Tangerang Kota,2016,3043950,313950.0,11.5,2730000.0
Banten,Tangerang Kota,2017,3295075,251125.0,8.25,3043950.0
Banten,Tangerang Kota,2018,3582077,287002.0,8.71,3295075.0
Banten,Tangerang Kota,2019,3869717,287640.0,8.03,3582077.0
Banten,Tangerang Kota,2020,4199029,329312.0,8.51,3869717.0
Banten,Tangerang Kota,2021,4262015,62986.0,1.5,4199029.0
Banten,Tangerang Kota,2022,4285798,23783.0,0.56,4262015.0
Banten,Tangerang Kota,2023,4584519,298721.0,6.97,4285798.0
Banten,Tangerang Selatan,2013,2200000,,,
Banten,Tangerang Selatan,2014,2442000,242000.0,11.0,2200000.0
Banten,Tangerang Selatan,2015,2710000,268000.0,10.97,2442000.0
Banten,Tangerang Selatan,2016,3021650,311650.0,11.5,2710000.0
Banten,Tangerang Selatan,2017,3270936,249286.0,8.25,3021650.0
Banten,Tangerang Selatan,2018,3555835,284899.0,8.71,3270936.0
Banten,Tangerang Selatan,2019,3841368,285533.0,8.03,3555835.0
Banten,Tangerang Selatan,2020,4168268,326900.0,8.51,3841368.0
Banten,Tangerang Selatan,2021,4230793,62525.0,1.5,4168268.0
Banten,Tangerang Selatan,2022,4280214,49421.0,1.17,4230793.0
Banten,Tangerang Selatan,2023,4551451,271237.0,6.34,4280214.0
Jawa Barat,Tasikmalaya,2013,1035000,,,
Jawa Barat,Tasikmalaya,2014,1279329,244329.0,23.61,1035000.0
Jawa Barat,Tasikmalaya,2015,1435000,155671.0,12.17,1279329.0
Jawa Barat,Tasikmalaya,2016,1632360,197360.0,13.75,1435000.0
Jawa Barat,Tasikmalaya,2017,1767029,134669.0,8.25,1632360.0
Jawa Barat,Tasikmalaya,2018,1920938,153909.0,8.71,1767029.0
Jawa Barat,Tasikmalaya,2019,2075189,154251.0,8.03,1920938.0
Jawa Barat,Tasikmalaya,2020,2251787,176598.0,8.51,2075189.0
Jawa Barat,Tasikmalaya,2021,2251787,0.0,0.0,2251787.0
Jawa Barat,Tasikmalaya,2022,2326772,74985.0,3.33,2251787.0
Jawa Barat,Tasikmalaya,2023,2499954,173182.0,7.44,2326772.0
Jawa Barat,Tasikmalaya Kota,2013,1045000,,,
Jawa Barat,Tasikmalaya Kota,2014,1237000,192000.0,18.37,1045000.0
Jawa Barat,Tasikmalaya Kota,2015,1450000,213000.0,17.22,1237000.0
Jawa Barat,Tasikmalaya Kota,2016,1641280,191280.0,13.19,1450000.0
Jawa Barat,Tasikmalaya Kota,2017,1776686,135406.0,8.25,1641280.0
Jawa Barat,Tasikmalaya Kota,2018,1931435,154749.0,8.71,1776686.0
Jawa Barat,Tasikmalaya Kota,2019,2086529,155094.0,8.03,1931435.0
Jawa Barat,Tasikmalaya Kota,2020,2264093,177564.0,8.51,2086529.0
Jawa Barat,Tasikmalaya Kota,2021,2264093,0.0,0.0,2264093.0
Jawa Barat,Tasikmalaya Kota,2022,2363389,99296.0,4.39,2264093.0
Jawa Barat,Tasikmalaya Kota,2023,2533341,169952.0,7.19,2363389.0
Jawa Tengah,Tegal,2013,850000,,,
Jawa Tengah,Tegal,2014,1000000,150000.0,17.65,850000.0
Jawa Tengah,Tegal,2015,1155000,155000.0,15.5,1000000.0
Jawa Tengah,Tegal,2016,1373000,218000.0,18.87,1155000.0
Jawa Tengah,Tegal,2017,1487000,114000.0,8.3,1373000.0
Jawa Tengah,Tegal,2018,1617000,130000.0,8.74,1487000.0
Jawa Tengah,Tegal,2019,1747000,130000.0,8.04,1617000.0
Jawa Tengah,Tegal,2020,1896000,149000.0,8.53,1747000.0
Jawa Tengah,Tegal,2021,1958000,62000.0,3.27,1896000.0
Jawa Tengah,Tegal,2022,1968446,10446.0,0.53,1958000.0
Jawa Tengah,Tegal,2023,2106237,137791.0,7.0,1968446.0
Jawa Tengah,Tegal Kota,2013,860000,,,
Jawa Tengah,Tegal Kota,2014,1044000,184000.0,21.4,860000.0
Jawa Tengah,Tegal Kota,2015,1206000,162000.0,15.52,1044000.0
Jawa Tengah,Tegal Kota,2016,1385000,179000.0,14.84,1206000.0
Jawa Tengah,Tegal Kota,2017,1499500,114500.0,8.27,1385000.0
Jawa Tengah,Tegal Kota,2018,1630500,131000.0,8.74,1499500.0
Jawa Tengah,Tegal Kota,2019,1762000,131500.0,8.07,1630500.0
Jawa Tengah,Tegal Kota,2020,1925000,163000.0,9.25,1762000.0
Jawa Tengah,Tegal Kota,2021,1982750,57750.0,3.0,1925000.0
Jawa Tengah,Tegal Kota,2022,2005930,23180.0,1.17,1982750.0
Jawa Tengah,Tegal Kota,2023,2145012,139082.0,6.93,2005930.0
Jawa Tengah,Temanggung,2013,940000,,,
Jawa Tengah,Temanggung,2014,1050000,110000.0,11.7,940000.0
Jawa Tengah,Temanggung,2015,1178000,128000.0,12.19,1050000.0
Jawa Tengah,Temanggung,2016,1313000,135000.0,11.46,1178000.0
Jawa Tengah,Temanggung,2017,1431500,118500.0,9.03,1313000.0
Jawa Tengah,Temanggung,2018,1557000,125500.0,8.77,1431500.0
Jawa Tengah,Temanggung,2019,1682027,125027.0,8.03,1557000.0
Jawa Tengah,Temanggung,2020,1825200,143173.0,8.51,1682027.0
Jawa Tengah,Temanggung,2021,1885000,59800.0,3.28,1825200.0
Jawa Tengah,Temanggung,2022,1887832,2832.0,0.15,1885000.0
Jawa Tengah,Temanggung,2023,2027569,139737.0,7.4,1887832.0
Jawa Timur,Trenggalek,2013,903900,,,
Jawa Timur,Trenggalek,2014,1000000,96100.0,10.63,903900.0
Jawa Timur,Trenggalek,2015,1150000,150000.0,15.0,1000000.0
Jawa Timur,Trenggalek,2016,1283000,133000.0,11.57,1150000.0
Jawa Timur,Trenggalek,2017,1388850,105850.0,8.25,1283000.0
Jawa Timur,Trenggalek,2018,1509816,120966.0,8.71,1388850.0
Jawa Timur,Trenggalek,2019,1763267,253451.0,16.79,1509816.0
Jawa Timur,Trenggalek,2020,1913321,150054.0,8.51,1763267.0
Jawa Timur,Trenggalek,2021,1938321,25000.0,1.31,1913321.0
Jawa Timur,Trenggalek,2022,1944932,6611.0,0.34,1938321.0
Jawa Timur,Trenggalek,2023,2139426,194494.0,10.0,1944932.0
Jawa Timur,Tuban,2013,1144400,,,
Jawa Timur,Tuban,2014,1370000,225600.0,19.71,1144400.0
Jawa Timur,Tuban,2015,1575500,205500.0,15.0,1370000.0
Jawa Timur,Tuban,2016,1757000,181500.0,11.52,1575500.0
Jawa Timur,Tuban,2017,1901960,144960.0,8.25,1757000.0
Jawa Timur,Tuban,2018,2067612,165652.0,8.71,1901960.0
Jawa Timur,Tuban,2019,2333641,266029.0,12.87,2067612.0
Jawa Timur,Tuban,2020,2654095,320454.0,13.73,2333641.0
Jawa Timur,Tuban,2021,2532234,-121861.0,-4.59,2654095.0
Jawa Timur,Tuban,2022,2539224,6990.0,0.28,2532234.0
Jawa Timur,Tuban,2023,2739224,200000.0,7.88,2539224.0
Jawa Timur,Tulungagung,2013,1007900,,,
Jawa Timur,Tulungagung,2014,1107000,99100.0,9.83,1007900.0
Jawa Timur,Tulungagung,2015,1273050,166050.0,15.0,1107000.0
Jawa Timur,Tulungagung,2016,1420000,146950.0,11.54,1273050.0
Jawa Timur,Tulungagung,2017,1537150,117150.0,8.25,1420000.0
Jawa Timur,Tulungagung,2018,1671035,133885.0,8.71,1537150.0
Jawa Timur,Tulungagung,2019,1805219,134184.0,8.03,1671035.0
Jawa Timur,Tulungagung,2020,1958844,153625.0,8.51,1805219.0
Jawa Timur,Tulungagung,2021,2010000,51156.0,2.61,1958844.0
Jawa Timur,Tulungagung,2022,2029358,19358.0,0.96,2010000.0
Jawa Timur,Tulungagung,2023,2229358,200000.0,9.86,2029358.0
Jawa Tengah,Wonogiri,2013,830000,,,
Jawa Tengah,Wonogiri,2014,954000,124000.0,14.94,830000.0
Jawa Tengah,Wonogiri,2015,1101000,147000.0,15.41,954000.0
Jawa Tengah,Wonogiri,2016,1293000,192000.0,17.44,1101000.0
Jawa Tengah,Wonogiri,2017,1401000,108000.0,8.35,1293000.0
Jawa Tengah,Wonogiri,2018,1542000,141000.0,10.06,1401000.0
Jawa Tengah,Wonogiri,2019,1655000,113000.0,7.33,1542000.0
Jawa Tengah,Wonogiri,2020,1797000,142000.0,8.58,1655000.0
Jawa Tengah,Wonogiri,2021,1827000,30000.0,1.67,1797000.0
Jawa Tengah,Wonogiri,2022,1839043,12043.0,0.66,1827000.0
Jawa Tengah,Wonogiri,2023,1968448,129405.0,7.04,1839043.0
Jawa Tengah,Wonosobo,2013,880000,,,
Jawa Tengah,Wonosobo,2014,990000,110000.0,12.5,880000.0
Jawa Tengah,Wonosobo,2015,1166000,176000.0,17.78,990000.0
Jawa Tengah,Wonosobo,2016,1326000,160000.0,13.72,1166000.0
Jawa Tengah,Wonosobo,2017,1457100,131100.0,9.89,1326000.0
Jawa Tengah,Wonosobo,2018,1585000,127900.0,8.78,1457100.0
Jawa Tengah,Wonosobo,2019,1712500,127500.0,8.04,1585000.0
Jawa Tengah,Wonosobo,2020,1859000,146500.0,8.55,1712500.0
Jawa Tengah,Wonosobo,2021,1920000,61000.0,3.28,1859000.0
Jawa Tengah,Wonosobo,2022,1931285,11285.0,0.59,1920000.0
Jawa Tengah,Wonosobo,2023,2076208,144923.0,7.5,1931285.0
Daerah Istimewa Yogyakarta,Yogyakarta,2013,1065247,,,
Daerah Istimewa Yogyakarta,Yogyakarta,2014,1173300,108053.0,10.14,1065247.0
Daerah Istimewa Yogyakarta,Yogyakarta,2015,1302500,129200.0,11.01,1173300.0
Daerah Istimewa Yogyakarta,Yogyakarta,2016,1452400,149900.0,11.51,1302500.0
Daerah Istimewa Yogyakarta,Yogyakarta,2017,1572200,119800.0,8.25,1452400.0
Daerah Istimewa Yogyakarta,Yogyakarta,2018,1709150,136950.0,8.71,1572200.0
Daerah Istimewa Yogyakarta,Yogyakarta,2019,1848400,139250.0,8.15,1709150.0
Daerah Istimewa Yogyakarta,Yogyakarta,2020,2004000,155600.0,8.42,1848400.0
Daerah Istimewa Yogyakarta,Yogyakarta,2021,2069530,65530.0,3.27,2004000.0
Daerah Istimewa Yogyakarta,Yogyakarta,2022,2153970,84440.0,4.08,2069530.0
Daerah Istimewa Yogyakarta,Yogyakarta,2023,2324776,170806.0,7.93,2153970.0
